"tablescraper-selected-row","tablescraper-selected-row 2","tablescraper-selected-row 3"
"https://www.taxvatpoint.com/","3","2024-04-19 18:53 +00:00"
"https://www.taxvatpoint.com/privacy-policy/","0","2023-10-04 18:39 +00:00"
"https://www.taxvatpoint.com/about-us/","2","2024-01-07 16:15 +00:00"
"https://www.taxvatpoint.com/income-tax/","0","2025-06-09 05:29 +00:00"
"https://www.taxvatpoint.com/value-added-taxvat/","0","2025-06-09 16:29 +00:00"
"https://www.taxvatpoint.com/blogs/","3","2024-01-13 17:49 +00:00"
"https://www.taxvatpoint.com/income-tax-act-bangla-section-345-publication-of-translated-english-text/","0","2024-12-08 18:22 +00:00"
"https://www.taxvatpoint.com/income-tax-act-bangla-section-344-repeal-and-savings/","0","2024-12-08 18:22 +00:00"
"https://www.taxvatpoint.com/income-tax-act-bangla-section-343-power-to-make-rules/","0","2024-12-08 18:21 +00:00"
"https://www.taxvatpoint.com/income-tax-act-bangla-section-342-removal-of-difficulties/","0","2024-12-08 18:21 +00:00"
"https://www.taxvatpoint.com/income-tax-act-bangla-section-341-power-to-amend-schedules/","0","2025-06-21 05:04 +00:00"
"https://www.taxvatpoint.com/income-tax-act-bangla-section-340-reward-for-officers-and-employees/","0","2024-12-08 18:18 +00:00"
"https://www.taxvatpoint.com/income-tax-act-bangla/","0","2025-06-30 06:45 +00:00"
"https://www.taxvatpoint.com/vat-sd-act-bangla/","0","2025-07-11 13:58 +00:00"
"https://www.taxvatpoint.com/notification-for-wip-english/","0","2023-12-23 18:57 +00:00"
"https://www.taxvatpoint.com/income-tax-act-bangla-section-339-act-to-have-effect-pending-legislative-provision-for-charge-of-tax/","0","2024-12-08 18:17 +00:00"
"https://www.taxvatpoint.com/income-tax-act-bangla-section-338-indemnity/","0","2024-12-08 18:16 +00:00"
"https://www.taxvatpoint.com/income-tax-act-bangla-section-337-proceeding-against-companies-under-liquidation/","0","2024-12-08 18:10 +00:00"
"https://www.taxvatpoint.com/income-tax-act-bangla-section-336-certain-errors-not-to-vitiate-assessment-etc/","0","2024-12-08 18:16 +00:00"
"https://www.taxvatpoint.com/income-tax-act-bangla-section-335-service-of-notice/","0","2024-12-08 18:12 +00:00"
"https://www.taxvatpoint.com/income-tax-act-bangla-section-334-power-to-condone-or-extend-etc/","0","2025-06-21 05:02 +00:00"
"https://www.taxvatpoint.com/income-tax-act-bangla-section-333-computation-of-the-period-of-limitation/","0","2024-12-08 18:12 +00:00"
"https://www.taxvatpoint.com/income-tax-act-bangla-section-332-evidence-to-be-given-for-money-paid-or-recovered/","0","2024-12-08 18:12 +00:00"
"https://www.taxvatpoint.com/income-tax-act-bangla-section-331-tax-to-be-calculated-to-nearest-taka/","0","2024-12-08 18:03 +00:00"
"https://www.taxvatpoint.com/income-tax-act-bangla-section-330-correction-of-errors/","0","2024-12-08 18:02 +00:00"
"https://www.taxvatpoint.com/income-tax-act-bangla-section-329-assistance-to-income-tax-authorities/","0","2024-09-28 02:26 +00:00"
"https://www.taxvatpoint.com/income-tax-act-bangla-section-328-electronic-tax-management/","0","2024-12-08 17:59 +00:00"
"https://www.taxvatpoint.com/income-tax-act-bangla-section-327-authorized-representative-for-hearing/","0","2025-06-21 04:49 +00:00"
"https://www.taxvatpoint.com/income-tax-act-bangla-section-326-trial-by-special-judge/","0","2024-12-08 17:58 +00:00"
"https://www.taxvatpoint.com/income-tax-act-bangla-section-325-power-to-compound-offences/","0","2024-12-08 18:10 +00:00"
"https://www.taxvatpoint.com/income-tax-act-bangla-section-324-sanction-for-prosecution/","0","2024-12-08 17:54 +00:00"
"https://www.taxvatpoint.com/income-tax-act-bangla-section-323-offenses-committed-by-a-company-firm-or-association-of-persons/","0","2024-12-08 17:53 +00:00"
"https://www.taxvatpoint.com/income-tax-act-bangla-section-322-punishment-for-disclosure-of-protected-information/","0","2024-12-08 17:53 +00:00"
"https://www.taxvatpoint.com/income-tax-act-bangla-section-321-penalty-for-abetting/","0","2024-12-08 17:56 +00:00"
"https://www.taxvatpoint.com/income-tax-act-bangla-section-320-penalty-for-non-compliance-with-sub-section-7-of-section-211/","0","2024-12-08 17:52 +00:00"
"https://www.taxvatpoint.com/income-tax-act-bangla-section-319-punishment-for-disposal-of-property-to-prevent-attachment/","0","2024-12-08 17:48 +00:00"
"https://www.taxvatpoint.com/income-tax-act-bangla-section-318-punishment-for-obstructing-an-income-tax-authority/","0","2024-12-08 17:48 +00:00"
"https://www.taxvatpoint.com/income-tax-act-bangla-section-317-punishment-for-improper-use-of-tax-payers-identification-number/","0","2024-12-08 17:48 +00:00"
"https://www.taxvatpoint.com/income-tax-act-bangla-section-316-punishment-for-furnishing-fake-audit-report-subject-to-verification/","0","2024-12-08 17:47 +00:00"
"https://www.taxvatpoint.com/income-tax-act-bangla-section-315-punishment-for-failure-of-tax-deduction-or-collection-at-source-or-for-failure-to-deposit-the-same-in-government-exchequer/","0","2024-12-08 17:42 +00:00"
"https://www.taxvatpoint.com/income-tax-act-bangla-section-314-punishment-for-false-certificate/","0","2024-12-08 17:42 +00:00"
"https://www.taxvatpoint.com/income-tax-act-bangla-section-313-punishment-for-false-statement-in-verification/","0","2024-12-08 17:43 +00:00"
"https://www.taxvatpoint.com/income-tax-act-bangla-section-312-punishment-to-attempt-avoidance-of-tax/","0","2024-12-08 17:43 +00:00"
"https://www.taxvatpoint.com/income-tax-act-bangla-section-311-punishment-for-failure-to-furnish-information-and-failure-to-perform-certain-duties/","0","2025-06-21 04:40 +00:00"
"https://www.taxvatpoint.com/income-tax-act-bangla-section-310-the-provisions-of-this-part-shall-be-consistent-with-other-provisions/","0","2024-12-08 17:38 +00:00"
"https://www.taxvatpoint.com/income-tax-act-bangla-section-309-statement-returns-etc-to-be-confidential/","0","2024-09-27 19:36 +00:00"
"https://www.taxvatpoint.com/income-tax-act-bangla-section-308-bar-on-suit-or-prosecution/","0","2024-12-08 17:37 +00:00"
"https://www.taxvatpoint.com/income-tax-act-bangla-section-307-post-verification-of-the-agreement/","0","2024-12-08 17:37 +00:00"
"https://www.taxvatpoint.com/income-tax-act-bangla-section-306-limitation-for-appeal-where-agreement-is-not-concluded/","0","2025-06-21 04:38 +00:00"
"https://www.taxvatpoint.com/income-tax-act-bangla-section-304-decision-of-the-alternative-dispute-resolution/","0","2024-12-08 17:35 +00:00"
"https://www.taxvatpoint.com/income-tax-act-bangla-section-305-effect-of-agreement/","0","2024-12-08 17:33 +00:00"
"https://www.taxvatpoint.com/income-tax-act-bangla-section-303-stay-of-proceeding-in-case-of-pending-appeal-or-reference-at-appellate-tribunal-or-high-court-division/","0","2024-12-08 17:31 +00:00"
"https://www.taxvatpoint.com/income-tax-act-bangla-section-302-procedures-of-disposal-of-tax-dispute-by-the-alternative-dispute-resolution/","0","2024-12-08 17:33 +00:00"
"https://www.taxvatpoint.com/income-tax-act-bangla-section-301-rights-and-duties-of-the-assessee-for-alternative-dispute-resolution/","0","2024-12-08 17:27 +00:00"
"https://www.taxvatpoint.com/income-tax-act-bangla-section-300-facilitator-in-alternative-dispute-resolution-process/","0","2024-12-08 17:34 +00:00"
"https://www.taxvatpoint.com/income-tax-act-bangla-section-299-representative-of-commissioner/","0","2024-12-08 17:18 +00:00"
"https://www.taxvatpoint.com/income-tax-act-bangla-section-298-application-of-alternative-dispute-resolution/","0","2024-08-05 03:17 +00:00"
"https://www.taxvatpoint.com/income-tax-act-bangla-section-297-alternative-dispute-resolution/","0","2024-12-08 17:17 +00:00"
"https://www.taxvatpoint.com/income-tax-act-bangla-section-296-definitions/","0","2025-06-21 04:35 +00:00"
"https://www.taxvatpoint.com/income-tax-act-bangla-section-295-appeal-to-the-appellate-division/","0","2024-12-08 17:17 +00:00"
"https://www.taxvatpoint.com/income-tax-act-bangla-section-294-decision-of-the-high-court-division/","0","2024-12-08 17:17 +00:00"
"https://www.taxvatpoint.com/income-tax-act-bangla-section-293-reference-to-the-high-court-division/","0","2024-08-05 03:16 +00:00"
"https://www.taxvatpoint.com/income-tax-act-bangla-section-292-disposal-of-appeal-by-the-appellate-tribunal/","0","2025-06-21 04:33 +00:00"
"https://www.taxvatpoint.com/income-tax-act-bangla-section-291-appeal-to-the-appellate-tribunal/","0","2024-08-05 03:11 +00:00"
"https://www.taxvatpoint.com/income-tax-act-bangla-section-290-appeal-against-order-of-tax-recovery-officer/","0","2024-12-08 17:12 +00:00"
"https://www.taxvatpoint.com/income-tax-act-bangla-section-289-decision-of-appeal/","0","2024-12-08 17:10 +00:00"
"https://www.taxvatpoint.com/income-tax-act-bangla-section-288-procedure-to-be-followed-in-disposal-of-appeal/","0","2024-12-08 17:10 +00:00"
"https://www.taxvatpoint.com/income-tax-act-bangla-section-287-form-procedure-and-time-limit-of-filling-appeal/","0","2024-12-08 17:10 +00:00"
"https://www.taxvatpoint.com/income-tax-act-bangla-section-286-appeal-to-appellate-income-tax-authority/","0","2024-08-05 03:09 +00:00"
"https://www.taxvatpoint.com/income-tax-act-bangla-section-285-revisional-power-of-commissioner/","0","2024-08-05 03:06 +00:00"
"https://www.taxvatpoint.com/income-tax-act-bangla-section-284-revision-of-penalty-based-on-the-revised-amount-of-income/","0","2024-12-08 17:09 +00:00"
"https://www.taxvatpoint.com/income-tax-act-bangla-section-283-penalty-to-be-without-prejudice-to-other-liability/","0","2024-12-08 17:04 +00:00"
"https://www.taxvatpoint.com/income-tax-act-bangla-section-282-orders-of-penalty-to-be-sent-to-deputy-commissioner-of-taxes/","0","2024-12-08 17:04 +00:00"
"https://www.taxvatpoint.com/income-tax-act-bangla-section-281-previous-approval-of-inspecting-additional-commissioner-for-imposing-penalty/","0","2024-12-08 17:03 +00:00"
"https://www.taxvatpoint.com/income-tax-act-bangla-section-280-bar-to-imposition-of-penalty-without-hearing/","0","2024-12-08 17:02 +00:00"
"https://www.taxvatpoint.com/income-tax-act-bangla-section-279-penalty-for-failure-to-comply-with-the-provisions-of-section-239/","0","2024-12-08 17:02 +00:00"
"https://www.taxvatpoint.com/income-tax-act-bangla-section-278-penalty-for-failure-to-comply-with-the-provisions-of-section-238/","0","2024-12-08 16:57 +00:00"
"https://www.taxvatpoint.com/income-tax-act-bangla-section-277-penalty-for-failure-to-comply-with-the-provisions-of-section-237/","0","2024-12-08 16:57 +00:00"
"https://www.taxvatpoint.com/income-tax-act-bangla-section-276-penalty-for-failure-to-comply-with-the-provisions-of-section-235/","0","2024-12-08 16:59 +00:00"
"https://www.taxvatpoint.com/income-tax-act-bangla-section-275-penalty-for-default-in-payment-of-tax/","0","2024-12-08 16:56 +00:00"
"https://www.taxvatpoint.com/income-tax-act-bangla-section-274-penalty-for-furnishing-fake-audit-report/","0","2024-12-08 16:56 +00:00"
"https://www.taxvatpoint.com/income-tax-act-bangla-section-273-penalty-for-incorrect-or-false-audit-report-by-chartered-accountant/","0","2024-12-08 16:53 +00:00"
"https://www.taxvatpoint.com/income-tax-act-bangla-section-272-penalty-for-concealment-of-income/","0","2025-06-21 04:31 +00:00"
"https://www.taxvatpoint.com/income-tax-act-bangla-section-271-failure-to-pay-tax-on-the-basis-of-return/","0","2024-08-05 03:24 +00:00"
"https://www.taxvatpoint.com/income-tax-act-bangla-section-270-penalty-for-non-compliance-with-notice/","0","2024-08-04 18:27 +00:00"
"https://www.taxvatpoint.com/income-tax-act-bangla-section-269-failure-to-pay-advance-tax-etc/","0","2024-12-08 16:51 +00:00"
"https://www.taxvatpoint.com/income-tax-act-bangla-section-268-penalty-for-using-fake-tax-payers-identification-number/","0","2024-12-08 16:51 +00:00"
"https://www.taxvatpoint.com/income-tax-act-bangla-section-267-penalty-for-not-maintaining-accounts-in-the-prescribed-manner/","0","2024-12-08 16:43 +00:00"
"https://www.taxvatpoint.com/income-tax-act-bangla-section-266-penalty-for-failure-to-file-return-etc/","0","2024-12-08 16:45 +00:00"
"https://www.taxvatpoint.com/income-tax-act-bangla-section-265-displaying-proof-of-submission-of-return/","0","2024-08-04 18:24 +00:00"
"https://www.taxvatpoint.com/income-tax-act-bangla-section-264-obligation-to-file-proof-of-submission-of-return/","0","2025-06-21 04:19 +00:00"
"https://www.taxvatpoint.com/income-tax-act-bangla-section-263-withholder-identification-number-win/","0","2024-12-08 16:43 +00:00"
"https://www.taxvatpoint.com/income-tax-act-bangla-section-262-cancellation-of-registration-of-taxpayer/","0","2024-12-08 16:42 +00:00"
"https://www.taxvatpoint.com/income-tax-act-bangla-section-261-registration-of-taxpayer/","0","2024-12-08 16:42 +00:00"
"https://www.taxvatpoint.com/income-tax-act-bangla-section-260-liability-to-tax-in-case-of-air-transport-business-of-non-residents/","0","2025-06-27 10:29 +00:00"
"https://www.taxvatpoint.com/income-tax-act-bangla-section-259-liability-to-tax-in-case-of-shipping-business-of-non-residents/","0","2024-12-08 16:39 +00:00"
"https://www.taxvatpoint.com/income-tax-act-bangla-section-258-liability-of-liquidator-for-tax-of-private-companies-under-liquidation/","0","2024-12-08 16:39 +00:00"
"https://www.taxvatpoint.com/income-tax-act-bangla-section-257-liability-of-directors-for-unrecoverable-tax-of-private-companies/","0","2024-12-08 16:38 +00:00"
"https://www.taxvatpoint.com/income-tax-act-bangla-section-256-liability-of-partners-etc-for-discontinued-business-of-a-firm-etc/","0","2024-12-08 16:38 +00:00"
"https://www.taxvatpoint.com/income-tax-act-bangla-section-255-liability-of-firm-or-association-for-unrecoverable-tax-due-from-partners-or-members/","0","2025-06-21 02:35 +00:00"
"https://www.taxvatpoint.com/income-tax-act-bangla-section-254-right-of-representative-to-recover-tax-paid/","0","2024-12-08 16:34 +00:00"
"https://www.taxvatpoint.com/income-tax-act-bangla-section-253-persons-to-be-treated-as-agent/","0","2024-12-08 16:34 +00:00"
"https://www.taxvatpoint.com/income-tax-act-bangla-section-251-provisions-of-tax-deduction-at-source-where-double-taxation-agreement-is-in-place/","0","2024-12-08 16:32 +00:00"
"https://www.taxvatpoint.com/income-tax-act-bangla-section-250-appeal/","0","2024-12-07 18:07 +00:00"
"https://www.taxvatpoint.com/income-tax-act-bangla-section-249-limitation-on-claim-of-foreign-tax-credit/","0","2024-12-07 18:07 +00:00"
"https://www.taxvatpoint.com/income-tax-act-bangla-section-248-effectiveness-of-computation-of-income-on-the-approval-of-foreign-tax-adjustments/","0","2024-12-07 18:06 +00:00"
"https://www.taxvatpoint.com/income-tax-act-bangla-section-247-foreign-tax-credit/","0","2024-12-07 18:03 +00:00"
"https://www.taxvatpoint.com/income-tax-act-bangla-section-252-liability-of-representative-in-certain-cases/","0","2024-12-08 16:33 +00:00"
"https://www.taxvatpoint.com/income-tax-act-bangla-section-246-exemption-for-income-earned-outside-bangladesh/","0","2024-12-07 18:03 +00:00"
"https://www.taxvatpoint.com/income-tax-act-bangla-section-245-definitions/","0","2024-12-07 17:58 +00:00"
"https://www.taxvatpoint.com/income-tax-act-bangla-section-244-tax-agreement/","0","2025-06-21 02:32 +00:00"
"https://www.taxvatpoint.com/income-tax-act-bangla-section-243-tax-clearance-certificate-required-for-persons-leaving-bangladesh/","0","2024-12-07 18:04 +00:00"
"https://www.taxvatpoint.com/income-tax-act-bangla-section-242-avoidance-of-tax-by-transactions-in-securities/","0","2024-12-07 18:03 +00:00"
"https://www.taxvatpoint.com/income-tax-act-bangla-section-241-avoidance-of-tax-through-transfer-of-assets/","0","2024-12-07 18:01 +00:00"
"https://www.taxvatpoint.com/income-tax-act-bangla-section-240-avoidance-of-tax-through-transactions-with-non-residents/","0","2024-12-07 18:00 +00:00"
"https://www.taxvatpoint.com/income-tax-act-bangla-section-239-report-from-an-accountant-to-be-furnished/","0","2024-12-07 17:52 +00:00"
"https://www.taxvatpoint.com/income-tax-act-bangla-section-238-statement-of-international-transactions-to-be-submitted/","0","2024-12-07 17:51 +00:00"
"https://www.taxvatpoint.com/income-tax-act-bangla-section-236-reference-to-transfer-pricing-officer/","0","2024-12-07 17:51 +00:00"
"https://www.taxvatpoint.com/income-tax-act-bangla-section-235-computation-of-arms-length-price/","0","2024-12-07 17:47 +00:00"
"https://www.taxvatpoint.com/income-tax-act-bangla-section-237-maintenance-and-keeping-of-information-documents-and-records/","0","2024-12-07 17:51 +00:00"
"https://www.taxvatpoint.com/income-tax-act-bangla-section-234-determination-of-income-from-international-transaction-having-regard-to-arms-length-price/","0","2024-12-07 17:47 +00:00"
"https://www.taxvatpoint.com/income-tax-act-bangla-section-233-definitions/","0","2024-12-07 17:47 +00:00"
"https://www.taxvatpoint.com/income-tax-act-bangla-section-232-methods-of-adjustment/","0","2025-06-21 02:30 +00:00"
"https://www.taxvatpoint.com/income-tax-act-bangla-section-231-adjustment-of-tax-benefits/","0","2024-12-07 17:46 +00:00"
"https://www.taxvatpoint.com/income-tax-act-bangla-section-230-definitions/","0","2024-12-07 17:42 +00:00"
"https://www.taxvatpoint.com/income-tax-act-bangla-section-229-refund-on-the-basis-of-orders-in-appeal/","0","2024-12-07 17:41 +00:00"
"https://www.taxvatpoint.com/income-tax-act-bangla-section-228-correctness-of-assessment-etc-not-to-be-questioned/","0","2024-12-07 17:41 +00:00"
"https://www.taxvatpoint.com/income-tax-act-bangla-section-226-claim-of-refund/","0","2024-12-07 17:40 +00:00"
"https://www.taxvatpoint.com/income-tax-act-bangla-section-224-entitlement-to-refund/","0","2024-12-07 17:36 +00:00"
"https://www.taxvatpoint.com/income-tax-act-bangla-section-225-claim-adjustment-and-refund/","0","2024-12-07 17:36 +00:00"
"https://www.taxvatpoint.com/income-tax-act-bangla-section-223-interim-freeze-or-seizure-of-assets/","0","2025-06-21 02:25 +00:00"
"https://www.taxvatpoint.com/income-tax-act-bangla-section-222-taking-simultaneous-action-in-tax-collection/","0","2024-12-07 17:36 +00:00"
"https://www.taxvatpoint.com/income-tax-act-bangla-section-221-other-modes-of-recovery/","0","2025-06-21 02:22 +00:00"
"https://www.taxvatpoint.com/income-tax-act-bangla-section-220-recovery-of-tax-through-collector-of-district/","0","2024-12-07 17:35 +00:00"
"https://www.taxvatpoint.com/income-tax-act-bangla-section-227-claim-of-refund-for-deceased-or-disabled-persons/","0","2024-12-07 17:40 +00:00"
"https://www.taxvatpoint.com/income-tax-act-bangla-section-219-validity-of-certificate-for-recovery-not-open-to-dispute/","0","2024-12-07 17:31 +00:00"
"https://www.taxvatpoint.com/income-tax-act-bangla-section-218-power-of-withdrawal-of-certificate-and-stay-of-proceeding/","0","2024-12-07 17:30 +00:00"
"https://www.taxvatpoint.com/income-tax-act-bangla-section-217-method-of-recovery-by-tax-recovery-officer/","0","2024-12-07 17:30 +00:00"
"https://www.taxvatpoint.com/income-tax-act-bangla-section-216-certificate-for-recovery-of-tax/","0","2024-12-07 17:29 +00:00"
"https://www.taxvatpoint.com/income-tax-act-bangla-section-215-direct-collection-and-refund/","0","2024-12-07 17:26 +00:00"
"https://www.taxvatpoint.com/income-tax-act-bangla-section-214-notice-of-demand/","0","2025-06-21 02:19 +00:00"
"https://www.taxvatpoint.com/income-tax-act-bangla-section-213-power-of-inspecting-additional-commissioner-of-taxes-to-revise-the-erroneous-order/","0","2024-12-07 17:25 +00:00"
"https://www.taxvatpoint.com/income-tax-act-bangla-section-212-tax-etc-escaping-payment/","0","2025-06-21 02:17 +00:00"
"https://www.taxvatpoint.com/income-tax-act-bangla-section-210-provision-of-acquired-assets/","0","2024-12-07 17:21 +00:00"
"https://www.taxvatpoint.com/income-tax-act-bangla-section-211-power-to-take-evidence-on-oath-etc/","0","2024-12-07 17:24 +00:00"
"https://www.taxvatpoint.com/income-tax-act-bangla-section-209-provision-of-seized-assets/","0","2024-12-07 17:20 +00:00"
"https://www.taxvatpoint.com/income-tax-act-bangla-section-207-transfer-of-records-relating-to-seized-income-to-the-deputy-commissioner-of-taxes/","0","2024-12-07 17:19 +00:00"
"https://www.taxvatpoint.com/income-tax-act-bangla-section-206-power-of-search-and-seizure/","0","2024-12-07 17:15 +00:00"
"https://www.taxvatpoint.com/income-tax-act-bangla-section-205-power-of-survey/","0","2024-12-07 17:14 +00:00"
"https://www.taxvatpoint.com/income-tax-act-bangla-section-204-search-and-investigation/","0","2025-06-21 02:14 +00:00"
"https://www.taxvatpoint.com/income-tax-act-bangla-section-203-searching-sources-of-income/","0","2024-12-07 17:13 +00:00"
"https://www.taxvatpoint.com/income-tax-act-bangla-section-202-inspection-of-business-records/","0","2025-06-21 02:10 +00:00"
"https://www.taxvatpoint.com/income-tax-act-bangla-section-208-period-of-retention-of-records-relating-to-seized-income/","0","2024-12-07 17:20 +00:00"
"https://www.taxvatpoint.com/income-tax-act-bangla-section-201-automatic-furnishing-of-information/","0","2024-12-07 17:07 +00:00"
"https://www.taxvatpoint.com/income-tax-act-bangla-section-200-collection-of-information/","0","2025-06-21 02:09 +00:00"
"https://www.taxvatpoint.com/income-tax-act-bangla-section-199-application-of-rules-in-information-collection/","0","2024-12-07 17:04 +00:00"
"https://www.taxvatpoint.com/income-tax-act-bangla-section-198-definitions/","0","2024-08-04 18:18 +00:00"
"https://www.taxvatpoint.com/income-tax-act-bangla-section-197-time-limitation-for-assessment/","0","2025-06-21 02:04 +00:00"
"https://www.taxvatpoint.com/income-tax-act-bangla-section-196-bar-to-question-assessment/","0","2024-12-07 17:04 +00:00"
"https://www.taxvatpoint.com/income-tax-act-bangla-section-194-assessment-in-the-case-of-income-of-a-deceased-person/","0","2024-12-07 17:03 +00:00"
"https://www.taxvatpoint.com/income-tax-act-bangla-section-195-spot-assessment/","0","2025-06-21 01:51 +00:00"
"https://www.taxvatpoint.com/income-tax-act-bangla-section-193-assessment-in-case-of-persons-leaving-bangladesh/","0","2025-06-21 01:47 +00:00"
"https://www.taxvatpoint.com/income-tax-act-bangla-section-192-assessment-in-case-of-partition-of-a-hindu-undivided-family/","0","2024-12-07 16:56 +00:00"
"https://www.taxvatpoint.com/income-tax-act-bangla-section-191-assessment-in-case-of-discontinued-business/","0","2024-12-07 16:56 +00:00"
"https://www.taxvatpoint.com/income-tax-act-bangla-section-190-assessment-in-case-of-succession-to-business-otherwise-than-on-death/","0","2024-12-07 17:02 +00:00"
"https://www.taxvatpoint.com/income-tax-act-bangla-section-189-assessment-in-case-of-constitution-of-new-successor-firm/","0","2024-12-07 16:51 +00:00"
"https://www.taxvatpoint.com/income-tax-act-bangla-section-188-assessment-in-case-of-change-in-the-constitution-of-a-firm/","0","2024-12-07 16:50 +00:00"
"https://www.taxvatpoint.com/income-tax-act-bangla-section-187-assessment-of-firms-or-association-of-persons/","0","2025-06-21 01:31 +00:00"
"https://www.taxvatpoint.com/income-tax-act-bangla-section-186-audit-of-the-return-of-withholding-tax/","0","2024-12-07 16:49 +00:00"
"https://www.taxvatpoint.com/income-tax-act-bangla-section-185-provisional-assessment/","0","2025-06-20 19:25 +00:00"
"https://www.taxvatpoint.com/income-tax-act-bangla-section-184-best-judgment-assessment/","0","2024-12-07 16:43 +00:00"
"https://www.taxvatpoint.com/income-tax-act-bangla-section-183-assessment-by-the-deputy-commissioner-of-taxes-on-the-basis-of-return/","0","2025-06-20 19:20 +00:00"
"https://www.taxvatpoint.com/income-tax-act-bangla-section-182-audit/","0","2025-06-20 19:13 +00:00"
"https://www.taxvatpoint.com/income-tax-act-bangla-section-181-process-of-return/","0","2024-12-07 16:43 +00:00"
"https://www.taxvatpoint.com/income-tax-act-bangla-section-180-self-assessment/","0","2025-06-20 19:08 +00:00"
"https://www.taxvatpoint.com/income-tax-act-bangla-section-179-production-of-accounts-and-documents-etc/","0","2024-08-04 13:41 +00:00"
"https://www.taxvatpoint.com/income-tax-act-bangla-section-178-concurrent-jurisdiction/","0","2024-12-07 16:42 +00:00"
"https://www.taxvatpoint.com/income-tax-act-bangla-section-177-return-of-withholding-tax/","0","2025-06-30 18:17 +00:00"
"https://www.taxvatpoint.com/income-tax-act-bangla-section-176-consequences-of-filling-incomplete-return/","0","2024-08-04 13:11 +00:00"
"https://www.taxvatpoint.com/income-tax-act-bangla-section-175-filing-of-revised-return-in-case-of-normal-return/","0","2025-06-20 13:30 +00:00"
"https://www.taxvatpoint.com/income-tax-act-bangla-section-174-computation-of-tax-in-case-of-return-filing-after-tax-day/","0","2025-07-25 14:56 +00:00"
"https://www.taxvatpoint.com/income-tax-act-bangla-section-173-on-payment-of-income-tax-and-surcharge-on-or-before-the-date-of-filing-of-return/","0","2025-06-20 13:00 +00:00"
"https://www.taxvatpoint.com/income-tax-act-bangla-section-172-notice-of-filing-return/","0","2024-12-07 16:26 +00:00"
"https://www.taxvatpoint.com/income-tax-act-bangla-section-171-time-of-filling-return/","0","2025-06-20 12:44 +00:00"
"https://www.taxvatpoint.com/income-tax-act-bangla-section-170-obligation-to-file-returns-under-self-assessment-method/","0","2025-06-20 12:37 +00:00"
"https://www.taxvatpoint.com/income-tax-act-bangla-section-168-filling-of-statements-of-life-style-related-expenses/","0","2024-08-04 12:16 +00:00"
"https://www.taxvatpoint.com/income-tax-act-bangla-section-169-general-rules-for-filing-returns/","0","2025-06-20 12:30 +00:00"
"https://www.taxvatpoint.com/income-tax-act-bangla-section-167-filling-of-statements-of-assets-and-liabilities/","0","2024-08-03 19:38 +00:00"
"https://www.taxvatpoint.com/income-tax-act-bangla-section-166-filling-of-return/","0","2025-06-20 12:15 +00:00"
"https://www.taxvatpoint.com/income-tax-act-bangla-section-165-return/","0","2024-08-03 19:31 +00:00"
"https://www.taxvatpoint.com/income-tax-act-bangla-section-164-additional-tax-deducted-or-collected-at-source-not-being-base-of-minimum-tax/","0","2024-08-03 19:30 +00:00"
"https://www.taxvatpoint.com/income-tax-act-bangla-section-162-interest-payable-by-the-assessee-on-deficiency-in-payment-of-advance-tax/","0","2025-06-20 07:39 +00:00"
"https://www.taxvatpoint.com/income-tax-act-bangla-section-163-minimum-tax/","0","2025-06-20 07:43 +00:00"
"https://www.taxvatpoint.com/income-tax-act-bangla-section-161-interest-payable-by-government-on-excess-payment-of-advance-tax/","0","2024-12-07 16:20 +00:00"
"https://www.taxvatpoint.com/income-tax-act-bangla-section-160-imposition-of-interest-for-failure-to-pay-advance-tax/","0","2024-12-07 16:21 +00:00"
"https://www.taxvatpoint.com/income-tax-act-bangla-section-159-explanation/","0","2024-12-07 16:20 +00:00"
"https://www.taxvatpoint.com/income-tax-act-bangla-section-158-credit-of-advance-tax/","0","2024-12-07 16:20 +00:00"
"https://www.taxvatpoint.com/income-tax-act-bangla-section-157-failure-to-pay-installments-of-advance-tax/","0","2024-12-07 16:20 +00:00"
"https://www.taxvatpoint.com/income-tax-act-bangla-section-156-advance-payment-of-tax-by-new-assessees/","0","2025-06-27 10:20 +00:00"
"https://www.taxvatpoint.com/income-tax-act-bangla-section-155-amount-of-advance-tax-and-time-of-payment-thereof/","0","2024-12-07 16:11 +00:00"
"https://www.taxvatpoint.com/income-tax-act-bangla-section-154-advance-payment-of-tax/","0","2024-12-07 16:11 +00:00"
"https://www.taxvatpoint.com/income-tax-act-bangla-section-153-collection-of-advance-tax-from-the-owners-of-private-motor-car/","0","2025-06-20 07:31 +00:00"
"https://www.taxvatpoint.com/income-tax-act-bangla-section-152-collection-of-advance-tax-from-cigarette-manufacturers/","0","2025-06-20 07:18 +00:00"
"https://www.taxvatpoint.com/income-tax-act-bangla-section-151-payment-of-tax-where-no-deduction-is-made/","0","2024-12-07 16:10 +00:00"
"https://www.taxvatpoint.com/income-tax-act-bangla-section-150-credit-of-tax-deducted-or-collected-at-source/","0","2024-12-07 16:10 +00:00"
"https://www.taxvatpoint.com/income-tax-act-bangla-section-149-relief-from-deduction-or-collection-of-tax-at-source/","0","2024-12-07 16:05 +00:00"
"https://www.taxvatpoint.com/income-tax-act-bangla-section-148-power-to-impose-taxes-without-prejudice-to-other-methods/","0","2024-12-07 15:55 +00:00"
"https://www.taxvatpoint.com/income-tax-act-bangla-section-147-confirmation-and-verification-of-tax-deducted-or-collected-at-source/","0","2025-06-20 07:16 +00:00"
"https://www.taxvatpoint.com/income-tax-act-bangla-section-145-certificate-of-deduction-etc-of-tax/","0","2025-06-30 18:14 +00:00"
"https://www.taxvatpoint.com/income-tax-act-bangla-section-146-payment-to-government-of-tax-deducted/","0","2025-06-30 18:13 +00:00"
"https://www.taxvatpoint.com/income-tax-act-bangla-section-144-consequences-of-the-issuance-of-certificate-of-tax-deduction-or-collection-without-actual-deduction-collection-or-payment/","0","2024-12-07 15:53 +00:00"
"https://www.taxvatpoint.com/income-tax-act-bangla-section-143-consequences-of-failure-to-deduct-collect-etc/","0","2024-12-07 15:51 +00:00"
"https://www.taxvatpoint.com/income-tax-act-bangla-section-142-general-provisions-for-deduction-or-collection-of-tax-at-source/","0","2025-06-30 18:16 +00:00"
"https://www.taxvatpoint.com/income-tax-act-bangla-section-141-deduction-or-collection-of-tax-after-gross-up-in-case-of-payment-without-tax/","0","2025-06-30 18:15 +00:00"
"https://www.taxvatpoint.com/income-tax-act-bangla-section-140-definitions/","0","2024-08-03 18:33 +00:00"
"https://www.taxvatpoint.com/income-tax-act-bangla-section-139-collection-of-tax-from-operation-of-ships/","0","2024-12-07 15:46 +00:00"
"https://www.taxvatpoint.com/income-tax-act-bangla-section-138-collection-of-tax-from-motorvehicles-plying-commercially/","0","2025-06-20 07:00 +00:00"
"https://www.taxvatpoint.com/income-tax-act-bangla-section-137-collection-of-tax-from-member-of-stock-exchanges/","0","2025-06-20 06:38 +00:00"
"https://www.taxvatpoint.com/income-tax-act-bangla-section-136-collection-of-tax-from-transfer-of-share-of-shareholders-of-stock-exchanges/","0","2025-06-20 06:36 +00:00"
"https://www.taxvatpoint.com/income-tax-act-bangla-section-135-collection-of-tax-on-transfer-of-securities/","0","2025-06-20 06:29 +00:00"
"https://www.taxvatpoint.com/income-tax-act-bangla-section-134-collection-of-tax-on-transfer-of-shares/","0","2025-06-20 06:24 +00:00"
"https://www.taxvatpoint.com/income-tax-act-bangla-section-132-collection-of-tax-from-shipping-business-of-a-resident/","0","2025-06-20 06:18 +00:00"
"https://www.taxvatpoint.com/income-tax-act-bangla-section-133-collection-of-tax-from-sales-by-public-auction/","0","2024-12-07 15:44 +00:00"
"https://www.taxvatpoint.com/income-tax-act-bangla-section-131-collection-of-tax-by-city-corporation-or-pourashava-at-the-time-of-renewal-of-trade-licence/","0","2025-06-20 06:13 +00:00"
"https://www.taxvatpoint.com/income-tax-act-bangla-section-130-collection-of-tax-from-brick-manufacturers/","0","2024-08-03 18:17 +00:00"
"https://www.taxvatpoint.com/income-tax-act-bangla-section-129-collection-of-tax-from-cigarette-manufacturers/","0","2025-06-20 06:10 +00:00"
"https://www.taxvatpoint.com/income-tax-act-bangla-section-128-collection-of-tax-from-lease-of-property/","0","2025-06-20 06:02 +00:00"
"https://www.taxvatpoint.com/income-tax-act-bangla-section-127-collection-of-tax-from-the-commission-paid-on-government-stamps-court-fees-cartridge-paper/","0","2024-12-07 15:38 +00:00"
"https://www.taxvatpoint.com/income-tax-act-bangla-section-126-collection-of-tax-from-persons-engaged-in-real-estate-or-land-development-business/","0","2025-06-30 18:11 +00:00"
"https://www.taxvatpoint.com/income-tax-act-bangla-section-125-collection-of-tax-on-transfer-etc-of-property/","0","2025-06-30 18:09 +00:00"
"https://www.taxvatpoint.com/income-tax-act-bangla-section-124-deduction-of-tax-from-any-income-remitted-from-abroad-in-connection-with-any-service-revenue-sharing-etc/","0","2025-06-19 19:15 +00:00"
"https://www.taxvatpoint.com/income-tax-act-bangla-section-123-collection-of-tax-from-export-proceeds/","0","2024-12-07 15:38 +00:00"
"https://www.taxvatpoint.com/income-tax-act-bangla-section-122-collection-of-tax-from-clearing-and-forwarding-agents/","0","2024-09-27 19:35 +00:00"
"https://www.taxvatpoint.com/income-tax-act-bangla-section-121-collection-of-tax-from-income-derived-on-account-of-export-of-manpower/","0","2024-12-07 15:38 +00:00"
"https://www.taxvatpoint.com/income-tax-act-bangla-section-120-collection-of-tax-from-importers/","0","2025-06-30 18:12 +00:00"
"https://www.taxvatpoint.com/income-tax-act-bangla-section-119-deduction-from-income-of-non-residents/","0","2025-06-30 18:05 +00:00"
"https://www.taxvatpoint.com/income-tax-act-bangla-section-118-deduction-from-income-from-lottery-etc/","0","2024-12-07 15:31 +00:00"
"https://www.taxvatpoint.com/income-tax-act-bangla-section-117-deduction-of-tax-from-dividends/","0","2025-06-19 18:59 +00:00"
"https://www.taxvatpoint.com/income-tax-act-bangla-section-116-deduction-of-tax-from-commission-or-remuneration-paid-to-agent-of-foreign-buyer/","0","2025-06-19 18:54 +00:00"
"https://www.taxvatpoint.com/income-tax-act-bangla-section-115-deduction-of-tax-from-any-sum-paid-by-real-estate-developer-to-land-owner/","0","2024-12-07 15:30 +00:00"
"https://www.taxvatpoint.com/income-tax-act-bangla-section-114-deduction-of-tax-on-account-of-purchase-of-power/","0","2025-06-19 18:50 +00:00"
"https://www.taxvatpoint.com/income-tax-act-bangla-section-113-deduction-of-tax-from-freight-forward-agency-commission/","0","2024-08-02 19:04 +00:00"
"https://www.taxvatpoint.com/income-tax-act-bangla-section-112-deduction-of-tax-at-source-from-export-cash-subsidy/","0","2024-09-28 04:02 +00:00"
"https://www.taxvatpoint.com/income-tax-act-bangla-section-111-deduction-at-source-from-compensation-against-acquisition-of-property/","0","2024-09-28 03:57 +00:00"
"https://www.taxvatpoint.com/income-tax-act-bangla-section-110-deduction-of-tax-for-services-from-convention-hall-conference-centre-etc/","0","2025-06-19 18:47 +00:00"
"https://www.taxvatpoint.com/income-tax-act-bangla-section-109-deduction-at-source-from-income-from-house-property/","0","2025-06-19 18:43 +00:00"
"https://www.taxvatpoint.com/income-tax-act-bangla-section-108-deduction-of-tax-from-receipts-in-respect-of-international-phone-call/","0","2024-09-28 03:53 +00:00"
"https://www.taxvatpoint.com/income-tax-act-bangla-section-107-deduction-at-source-from-discount-on-the-real-value-of-bangladesh-bank-bills/","0","2024-09-28 03:54 +00:00"
"https://www.taxvatpoint.com/income-tax-act-bangla-section-106-deduction-at-source-from-interest-on-securities/","0","2025-06-19 18:36 +00:00"
"https://www.taxvatpoint.com/income-tax-act-bangla-section-105-deduction-at-source-from-interest-on-saving-instruments/","0","2024-09-28 03:51 +00:00"
"https://www.taxvatpoint.com/income-tax-act-bangla-section-104-deduction-at-source-from-interest-income-of-resident/","0","2025-06-19 18:32 +00:00"
"https://www.taxvatpoint.com/income-tax-act-bangla-section-103-deduction-at-source-from-interest-on-deposit-of-post-office-savings-bank-account/","0","2024-08-02 19:02 +00:00"
"https://www.taxvatpoint.com/income-tax-act-bangla-section-102-deduction-at-source-from-interest-on-saving-deposits-and-fixed-deposits-etc/","0","2025-06-19 18:25 +00:00"
"https://www.taxvatpoint.com/income-tax-act-bangla-section-101-deduction-at-source-from-fees-etc-of-surveyors-of-general-insurance-company/","0","2024-09-28 03:51 +00:00"
"https://www.taxvatpoint.com/income-tax-act-bangla-section-100-deduction-at-source-from-insurance-commission/","0","2024-09-28 03:49 +00:00"
"https://www.taxvatpoint.com/income-tax-act-bangla-section-99-deduction-of-tax-from-any-payment-in-excess-of-premium-paid-on-life-insurance-policy/","0","2024-12-10 17:48 +00:00"
"https://www.taxvatpoint.com/income-tax-act-bangla-section-98-deduction-from-payment-by-cellular-mobile-phone-operator/","0","2025-06-18 12:40 +00:00"
"https://www.taxvatpoint.com/income-tax-act-bangla-section-97-deduction-from-the-commission-of-local-letter-of-credit/","0","2025-06-18 12:32 +00:00"
"https://www.taxvatpoint.com/income-tax-act-bangla-section-96-deduction-from-the-commission-of-letter-of-credit/","0","2024-12-10 17:49 +00:00"
"https://www.taxvatpoint.com/income-tax-act-bangla-section-95-collection-of-tax-from-travel-agent/","0","2025-06-18 11:53 +00:00"
"https://www.taxvatpoint.com/income-tax-act-bangla-section-94-deduction-or-collection-at-source-from-commission-discount-fees-etc/","0","2024-08-02 18:31 +00:00"
"https://www.taxvatpoint.com/income-tax-act-bangla-section-93-deduction-from-payment-to-actors-actresses-producers-etc/","0","2024-12-10 17:48 +00:00"
"https://www.taxvatpoint.com/income-tax-act-bangla-section-92-deduction-of-tax-from-income-of-media-advertising/","0","2024-12-10 17:43 +00:00"
"https://www.taxvatpoint.com/income-tax-act-bangla-section-91-deduction-from-payment-for-intangible-property/","0","2025-06-18 11:48 +00:00"
"https://www.taxvatpoint.com/income-tax-act-bangla-section-90-deduction-from-the-payment-of-services/","0","2025-06-30 18:01 +00:00"
"https://www.taxvatpoint.com/income-tax-act-bangla-section-89-deduction-from-payment-to-contractors-etc/","0","2025-06-30 18:00 +00:00"
"https://www.taxvatpoint.com/income-tax-act-bangla-section-88-deduction-from-payment-to-a-beneficiary-of-workers-participation-fund/","0","2025-06-18 11:30 +00:00"
"https://www.taxvatpoint.com/income-tax-act-bangla-section-87-deduction-of-tax-from-payment-of-remuneration-to-members-of-parliament/","0","2024-12-10 17:38 +00:00"
"https://www.taxvatpoint.com/income-tax-act-bangla-section-86-deduction-at-source-from-salary-income/","0","2025-06-18 11:24 +00:00"
"https://www.taxvatpoint.com/income-tax-act-bangla-section-85-cancellation-or-disapproval-of-tax-exemption/","0","2024-12-10 17:34 +00:00"
"https://www.taxvatpoint.com/income-tax-act-bangla-section-84-computation-of-income-of-approved-tax-holiday-entity/","0","2024-12-10 17:34 +00:00"
"https://www.taxvatpoint.com/income-tax-act-bangla-section-83-transactions-with-associated-entities/","0","2024-12-10 17:32 +00:00"
"https://www.taxvatpoint.com/income-tax-act-bangla-section-82-approval-of-tax-holiday-entity-by-the-board/","0","2024-08-02 17:55 +00:00"
"https://www.taxvatpoint.com/income-tax-act-bangla-section-81-income-of-approved-tax-holiday-entity/","0","2024-12-10 17:35 +00:00"
"https://www.taxvatpoint.com/income-tax-act-bangla-section-80-averaging/","0","2025-06-18 11:22 +00:00"
"https://www.taxvatpoint.com/income-tax-act-bangla-section-79-exemption-of-certain-income-of-co-operative-societies/","0","2024-12-10 17:29 +00:00"
"https://www.taxvatpoint.com/income-tax-act-bangla-section-78-general-tax-credit-in-case-of-certain-investments-and-expenditures/","0","2025-06-18 11:04 +00:00"
"https://www.taxvatpoint.com/income-tax-act-bangla-section-77-deduction-from-total-income/","0","2024-12-10 17:28 +00:00"
"https://www.taxvatpoint.com/income-tax-act-bangla-section-76-tax-exemption/","0","2025-06-18 10:55 +00:00"
"https://www.taxvatpoint.com/income-tax-act-bangla-section-75-incomplete-or-incorrect-accounting-etc/","0","2025-06-16 19:25 +00:00"
"https://www.taxvatpoint.com/income-tax-act-bangla-section-74-methods-of-accounting-in-case-of-long-term-agreement/","0","2024-08-02 17:42 +00:00"
"https://www.taxvatpoint.com/income-tax-act-bangla-section-73-filing-of-audited-financial-reports-by-companies-etc/","0","2025-06-16 19:22 +00:00"
"https://www.taxvatpoint.com/income-tax-act-bangla-section-72-methods-of-accounting/","0","2025-06-16 19:15 +00:00"
"https://www.taxvatpoint.com/income-tax-act-bangla-section-71-carry-forward-of-depreciation-allowance/","0","2024-12-10 17:21 +00:00"
"https://www.taxvatpoint.com/income-tax-act-bangla-section-70-set-of-losses-and-carry-forward/","0","2024-08-02 17:25 +00:00"
"https://www.taxvatpoint.com/income-tax-act-bangla-section-69-deduction-not-admissible-in-certain-circumstances/","0","2024-12-10 17:22 +00:00"
"https://www.taxvatpoint.com/income-tax-act-bangla-section-68-allowable-deductions-in-computing-income-from-other-sources/","0","2024-12-10 17:18 +00:00"
"https://www.taxvatpoint.com/income-tax-act-bangla-section-67-special-area-of-income-from-other-sources/","0","2025-06-16 19:12 +00:00"
"https://www.taxvatpoint.com/income-tax-act-bangla-section-66-income-from-other-sources/","0","2025-06-16 18:51 +00:00"
"https://www.taxvatpoint.com/income-tax-act-bangla-section-65-deduction-not-admissible-in-certain-circumstances/","0","2025-06-16 18:45 +00:00"
"https://www.taxvatpoint.com/income-tax-act-bangla-section-64-allowable-expenses-in-computing-income-from-financial-assets/","0","2024-09-28 02:53 +00:00"
"https://www.taxvatpoint.com/income-tax-act-bangla-section-63-time-of-computation-of-income/","0","2024-12-10 17:15 +00:00"
"https://www.taxvatpoint.com/income-tax-act-bangla-section-62-income-from-financial-assets/","0","2024-09-28 02:52 +00:00"
"https://www.taxvatpoint.com/income-tax-act-bangla-section-61-other-factors-in-determining-capital-income/","0","2024-12-10 17:15 +00:00"
"https://www.taxvatpoint.com/income-tax-act-bangla-section-60-limitation-in-allowing-deductions/","0","2024-12-10 16:53 +00:00"
"https://www.taxvatpoint.com/income-tax-act-bangla-section-59-time-of-computation/","0","2024-12-10 16:53 +00:00"
"https://www.taxvatpoint.com/income-tax-act-bangla-section-58-computation-of-capital-gain/","0","2024-12-10 16:51 +00:00"
"https://www.taxvatpoint.com/income-tax-act-bangla-section-57-capital-gain/","0","2024-12-10 16:50 +00:00"
"https://www.taxvatpoint.com/income-tax-act-bangla-section-56-computation-of-special-business-income/","0","2025-06-27 10:15 +00:00"
"https://www.taxvatpoint.com/income-tax-act-bangla-section-55-deduction-not-admissible-in-certain-circumstances/","0","2025-06-27 10:33 +00:00"
"https://www.taxvatpoint.com/income-tax-act-bangla-section-54-general-conditions-of-allowable-deductions/","0","2024-12-10 16:52 +00:00"
"https://www.taxvatpoint.com/income-tax-act-bangla-section-52-computation-of-special-deductions-of-interest-or-profit/","0","2024-12-10 16:49 +00:00"
"https://www.taxvatpoint.com/income-tax-act-bangla-section-51-approval-of-bad-debt/","0","2025-06-16 17:40 +00:00"
"https://www.taxvatpoint.com/income-tax-act-bangla-section-50-allowable-special-deductions-in-computing-income-from-business/","0","2024-12-10 16:46 +00:00"
"https://www.taxvatpoint.com/income-tax-act-bangla-section-49-allowable-general-deductions-in-computing-income-from-business/","0","2025-06-16 17:34 +00:00"
"https://www.taxvatpoint.com/income-tax-act-bangla-section-48-consideration-of-speculative-business-separately/","0","2024-12-10 16:42 +00:00"
"https://www.taxvatpoint.com/income-tax-act-bangla-section-47-profit-computation-of-some-businesses/","0","2024-12-10 16:39 +00:00"
"https://www.taxvatpoint.com/income-tax-act-bangla-section-46-special-areas-of-income-from-business/","0","2025-06-16 17:28 +00:00"
"https://www.taxvatpoint.com/income-tax-act-bangla-section-45-income-from-business/","0","2024-09-28 02:33 +00:00"
"https://www.taxvatpoint.com/income-tax-act-bangla-section-44-deductions-will-not-be-allowed-in-certain-cases/","0","2024-12-09 10:27 +00:00"
"https://www.taxvatpoint.com/income-tax-act-bangla-section-43-computation-of-special-deductions-in-case-of-not-maintaining-books-of-accounts/","0","2024-12-10 16:41 +00:00"
"https://www.taxvatpoint.com/income-tax-act-bangla-section-42-allowable-general-deductions-in-computing-income-from-agriculture-head/","0","2024-12-09 10:26 +00:00"
"https://www.taxvatpoint.com/income-tax-act-bangla-section-41-special-agricultural-income/","0","2025-06-16 17:18 +00:00"
"https://www.taxvatpoint.com/income-tax-act-bangla-section-40-income-from-agriculture/","0","2025-06-16 07:27 +00:00"
"https://www.taxvatpoint.com/income-tax-act-bangla-section-39-limitation-in-allowing-expenses/","0","2025-06-16 07:22 +00:00"
"https://www.taxvatpoint.com/income-tax-act-bangla-section-38-allowable-deductions-in-computing-income-from-house-property/","0","2024-07-31 18:50 +00:00"
"https://www.taxvatpoint.com/income-tax-act-bangla-section-37-computation-of-total-rent-value/","0","2025-06-16 07:05 +00:00"
"https://www.taxvatpoint.com/income-tax-act-bangla-section-36-income-from-house-property/","0","2024-07-31 18:22 +00:00"
"https://www.taxvatpoint.com/income-tax-act-bangla-section-35-definitions/","0","2024-07-31 18:09 +00:00"
"https://www.taxvatpoint.com/income-tax-act-bangla-section-34-determination-of-income-earned-from-employee-share-schemes/","0","2025-06-15 15:11 +00:00"
"https://www.taxvatpoint.com/income-tax-act-bangla-section-33-determination-of-financial-value-of-perquisites-allowances-and-benefits/","0","2025-06-15 15:02 +00:00"
"https://www.taxvatpoint.com/income-tax-act-bangla-section-32-income-from-salary/","0","2025-06-15 14:49 +00:00"
"https://www.taxvatpoint.com/income-tax-act-bangla-section-31-accumulation-of-income/","0","2025-06-15 12:44 +00:00"
"https://www.taxvatpoint.com/income-tax-act-bangla-section-30-heads-of-income/","0","2024-12-08 17:25 +00:00"
"https://www.taxvatpoint.com/income-tax-act-bangla-section-29-computation-of-total-income/","0","2024-12-08 17:11 +00:00"
"https://www.taxvatpoint.com/income-tax-act-bangla-section-28-same-income-will-not-be-included-twice-in-the-scope-of-total-income/","0","2024-12-08 17:02 +00:00"
"https://www.taxvatpoint.com/income-tax-act-bangla-section-27-income-deemed-to-accrue-or-arise-in-bangladesh/","0","2024-12-08 16:50 +00:00"
"https://www.taxvatpoint.com/income-tax-act-bangla-section-26-scope-of-the-total-income/","0","2024-12-08 16:39 +00:00"
"https://www.taxvatpoint.com/income-tax-act-bangla-section-25-special-provisions-for-computation-of-income/","0","2025-06-15 12:38 +00:00"
"https://www.taxvatpoint.com/income-tax-act-bangla-section-24-voluntary-disclosure-of-investment-or-income-etc-by-paying-special-taxes/","0","2025-06-27 07:54 +00:00"
"https://www.taxvatpoint.com/income-tax-act-bangla-section-23-charge-of-tax-on-stock-dividend/","0","2024-12-07 17:42 +00:00"
"https://www.taxvatpoint.com/income-tax-act-bangla-section-22-charge-of-tax-on-retained-earnings-reserves-surplus-etc/","0","2025-06-15 12:34 +00:00"
"https://www.taxvatpoint.com/income-tax-act-bangla-section-21-penalty-for-any-offshore-asset-not-disclosed-in-the-return/","0","2025-06-15 12:31 +00:00"
"https://www.taxvatpoint.com/income-tax-act-bangla-section-20-charge-of-tax-on-the-difference-of-import-export-and-investment/","0","2025-06-15 12:28 +00:00"
"https://www.taxvatpoint.com/income-tax-act-bangla-section-19-charge-of-additional-tax/","0","2025-06-15 12:25 +00:00"
"https://www.taxvatpoint.com/income-tax-act-bangla-section-18-charge-of-income-tax/","0","2024-12-07 16:42 +00:00"
"https://www.taxvatpoint.com/income-tax-act-bangla-section-17-regulation-of-procedure/","0","2024-12-07 16:26 +00:00"
"https://www.taxvatpoint.com/income-tax-act-bangla-section-16-exercise-of-power-by-one-member/","0","2024-12-07 16:20 +00:00"
"https://www.taxvatpoint.com/income-tax-act-bangla-section-14-exercise-of-power-of-the-tribunal-by-benches/","0","2024-12-07 15:49 +00:00"
"https://www.taxvatpoint.com/income-tax-act-bangla-section-13-establishment-of-appellate-tribunal/","0","2025-06-15 12:19 +00:00"
"https://www.taxvatpoint.com/income-tax-act-bangla-section-12-exercise-of-assessment-functions-by-the-inspecting-additional-commissioners/","0","2025-06-15 11:50 +00:00"
"https://www.taxvatpoint.com/income-tax-act-bangla-section-11-guidance-to-the-deputy-commissioner-of-taxes-etc/","0","2024-09-28 03:56 +00:00"
"https://www.taxvatpoint.com/income-tax-act-bangla-section-10-follow-the-instructions-of-the-board/","0","2024-07-30 18:47 +00:00"
"https://www.taxvatpoint.com/income-tax-act-bangla-section-9-exercise-of-jurisdiction-by-successor/","0","2024-12-10 17:40 +00:00"
"https://www.taxvatpoint.com/income-tax-act-bangla-section-8-jurisdiction-of-income-tax-authorities/","0","2024-12-10 17:30 +00:00"
"https://www.taxvatpoint.com/income-tax-act-bangla-section-7-subordination-and-control-of-income-tax-authorities/","0","2024-12-10 17:19 +00:00"
"https://www.taxvatpoint.com/income-tax-act-bangla-section-6-delegation-of-powers/","0","2024-07-30 18:44 +00:00"
"https://www.taxvatpoint.com/income-tax-act-bangla-section-5-appointment-of-income-tax-authorities/","0","2024-07-30 18:36 +00:00"
"https://www.taxvatpoint.com/income-tax-act-bangla-section-4-income-tax-authorities/","0","2025-06-15 12:14 +00:00"
"https://www.taxvatpoint.com/income-tax-act-bangla-section-3-the-act-to-prevail/","0","2024-12-08 17:19 +00:00"
"https://www.taxvatpoint.com/income-tax-act-bangla-section-2-definitions/","0","2025-06-27 11:28 +00:00"
"https://www.taxvatpoint.com/income-tax-act-bangla-section-1-short-title-and-commencement/","0","2024-09-28 03:48 +00:00"
"https://www.taxvatpoint.com/income-tax-act-bangla-section-53-special-limit-in-allowing-interest/","0","2024-09-28 02:44 +00:00"
"https://www.taxvatpoint.com/income-tax-act-bangla-section-15-decision-of-bench/","0","2025-06-15 12:22 +00:00"
"https://www.taxvatpoint.com/income-tax-bangla-section-2-sub-section-1-written-down-value/","0","2024-12-07 03:14 +00:00"
"https://www.taxvatpoint.com/income-tax-bangla-section-2-sub-section-2-additional-commissioner-of-taxes-appeal/","0","2024-12-07 03:23 +00:00"
"https://www.taxvatpoint.com/income-tax-bangla-section-2-sub-section-3-extra-assistant-commissioners-of-taxes/","0","2024-12-07 03:44 +00:00"
"https://www.taxvatpoint.com/income-tax-bangla-section-2-sub-section-4-non-resident/","0","2024-12-07 03:55 +00:00"
"https://www.taxvatpoint.com/income-tax-bangla-section-2-sub-section-5-approved-gratuity-fund/","0","2024-07-29 18:27 +00:00"
"https://www.taxvatpoint.com/income-tax-bangla-section-2-sub-section-6-approved-superannuation-fund-or-pension-fund/","0","2024-12-07 04:19 +00:00"
"https://www.taxvatpoint.com/income-tax-bangla-section-2-sub-section-7-partner/","0","2024-12-07 04:34 +00:00"
"https://www.taxvatpoint.com/income-tax-bangla-section-2-sub-section-8-partnership/","0","2024-12-07 04:43 +00:00"
"https://www.taxvatpoint.com/income-tax-bangla-section-2-sub-section-9-legal-representative/","0","2024-12-07 05:04 +00:00"
"https://www.taxvatpoint.com/income-tax-bangla-section-2-sub-section-10-relative/","0","2024-12-07 03:17 +00:00"
"https://www.taxvatpoint.com/income-tax-bangla-section-2-sub-section-11-financial-institution/","0","2024-07-29 18:34 +00:00"
"https://www.taxvatpoint.com/income-tax-bangla-section-2-sub-section-12-appellate-tribunal/","0","2024-12-07 03:19 +00:00"
"https://www.taxvatpoint.com/income-tax-bangla-section-2-sub-section-13-income/","0","2024-07-29 18:41 +00:00"
"https://www.taxvatpoint.com/income-tax-bangla-section-2-sub-section-14-income-tax/","0","2024-12-07 03:19 +00:00"
"https://www.taxvatpoint.com/income-tax-bangla-section-2-sub-section-15-income-year/","0","2024-09-28 03:29 +00:00"
"https://www.taxvatpoint.com/income-tax-bangla-section-2-sub-section-16-tax-payable-on-income/","0","2024-12-07 03:14 +00:00"
"https://www.taxvatpoint.com/income-tax-bangla-section-2-sub-section-17-deputy-commissioner-of-taxes/","0","2024-12-07 03:14 +00:00"
"https://www.taxvatpoint.com/income-tax-bangla-section-2-sub-section-18-merger/","0","2024-12-07 03:22 +00:00"
"https://www.taxvatpoint.com/income-tax-bangla-section-2-sub-section-19-commissioner/","0","2025-06-15 09:26 +00:00"
"https://www.taxvatpoint.com/income-tax-bangla-section-2-sub-section-20-commissioner-appeal/","0","2024-12-07 03:24 +00:00"
"https://www.taxvatpoint.com/income-tax-bangla-section-2-sub-section-21-tax/","0","2024-12-07 03:27 +00:00"
"https://www.taxvatpoint.com/income-tax-bangla-section-2-sub-section-22-assessee/","0","2025-06-15 09:29 +00:00"
"https://www.taxvatpoint.com/income-tax-bangla-section-2-sub-section-23-tax-day/","0","2025-06-27 11:24 +00:00"
"https://www.taxvatpoint.com/income-tax-bangla-section-2-sub-section-24-assessment-year/","0","2024-12-07 03:29 +00:00"
"https://www.taxvatpoint.com/income-tax-bangla-section-2-sub-section-25-employee/","0","2024-07-29 19:02 +00:00"
"https://www.taxvatpoint.com/income-tax-bangla-section-2-sub-section-26-tax-exemption/","0","2024-12-07 03:32 +00:00"
"https://www.taxvatpoint.com/income-tax-bangla-section-2-sub-section-28-taxed-dividend/","0","2024-12-07 03:35 +00:00"
"https://www.taxvatpoint.com/income-tax-bangla-section-2-sub-section-29-cost-and-management-accountant/","0","2024-12-07 03:35 +00:00"
"https://www.taxvatpoint.com/income-tax-bangla-section-2-sub-section-30-fees-for-technical-services/","0","2024-12-07 03:44 +00:00"
"https://www.taxvatpoint.com/income-tax-bangla-section-2-sub-section-31-company/","0","2024-09-28 03:29 +00:00"
"https://www.taxvatpoint.com/income-tax-bangla-section-2-sub-section-32-assessee-in-default/","0","2024-12-07 03:45 +00:00"
"https://www.taxvatpoint.com/income-tax-bangla-section-2-sub-section-33-research-and-development/","0","2024-12-07 03:45 +00:00"
"https://www.taxvatpoint.com/income-tax-bangla-section-2-sub-section-34-public-servant/","0","2024-12-07 03:46 +00:00"
"https://www.taxvatpoint.com/income-tax-bangla-section-2-sub-section-35-employment/","0","2024-12-07 03:46 +00:00"
"https://www.taxvatpoint.com/income-tax-bangla-section-2-sub-section-36-chartered-accountant/","0","2024-12-07 03:55 +00:00"
"https://www.taxvatpoint.com/income-tax-bangla-section-2-sub-section-37-trading-account/","0","2024-12-07 03:56 +00:00"
"https://www.taxvatpoint.com/income-tax-bangla-section-2-sub-section-38-trust/","0","2024-12-07 03:56 +00:00"
"https://www.taxvatpoint.com/income-tax-bangla-section-2-sub-section-39-tax-recovery-officer/","0","2024-12-07 03:56 +00:00"
"https://www.taxvatpoint.com/income-tax-bangla-section-2-sub-section-40-demerger/","0","2024-12-07 03:57 +00:00"
"https://www.taxvatpoint.com/income-tax-bangla-section-2-sub-section-41-scheduled-bank/","0","2024-12-07 04:00 +00:00"
"https://www.taxvatpoint.com/income-tax-bangla-section-2-sub-section-42-fund/","0","2024-12-07 04:01 +00:00"
"https://www.taxvatpoint.com/income-tax-bangla-section-2-sub-section-43-charitable-purpose/","0","2024-07-30 17:10 +00:00"
"https://www.taxvatpoint.com/income-tax-bangla-section-2-sub-section-44-money-borrowed/","0","2024-12-07 04:01 +00:00"
"https://www.taxvatpoint.com/income-tax-bangla-section-2-sub-section-45-resident/","0","2025-06-15 09:47 +00:00"
"https://www.taxvatpoint.com/income-tax-bangla-section-2-sub-section-46-prescribed/","0","2024-12-07 04:06 +00:00"
"https://www.taxvatpoint.com/income-tax-bangla-section-2-sub-section-47-employer/","0","2024-12-07 04:06 +00:00"
"https://www.taxvatpoint.com/income-tax-bangla-section-2-sub-section-48-fair-market-value/","0","2025-06-15 09:53 +00:00"
"https://www.taxvatpoint.com/income-tax-bangla-section-2-sub-section-49-goods/","0","2024-12-07 04:07 +00:00"
"https://www.taxvatpoint.com/income-tax-bangla-section-2-sub-section-50-supply-of-goods/","0","2024-12-07 04:07 +00:00"
"https://www.taxvatpoint.com/income-tax-bangla-section-2-sub-section-51-inspecting-joint-commissioner/","0","2024-12-07 04:11 +00:00"
"https://www.taxvatpoint.com/income-tax-bangla-section-2-sub-section-52-inspector/","0","2024-12-07 04:11 +00:00"
"https://www.taxvatpoint.com/income-tax-bangla-section-2-sub-section-53-director/","0","2024-12-07 04:11 +00:00"
"https://www.taxvatpoint.com/income-tax-bangla-section-2-sub-section-54-principal-officer/","0","2025-06-15 10:20 +00:00"
"https://www.taxvatpoint.com/income-tax-bangla-section-2-sub-section-55-perquisite/","0","2024-12-07 04:12 +00:00"
"https://www.taxvatpoint.com/income-tax-bangla-section-2-sub-section-56-person-with-disability/","0","2024-12-07 04:18 +00:00"
"https://www.taxvatpoint.com/income-tax-bangla-section-2-sub-section-57-speculation-business/","0","2024-12-07 04:18 +00:00"
"https://www.taxvatpoint.com/income-tax-bangla-section-2-sub-section-58-firm/","0","2024-12-07 04:19 +00:00"
"https://www.taxvatpoint.com/income-tax-bangla-section-2-sub-section-59-year/","0","2024-12-07 04:19 +00:00"
"https://www.taxvatpoint.com/income-tax-bangla-section-2-sub-section-60-market-value/","0","2024-12-07 04:19 +00:00"
"https://www.taxvatpoint.com/income-tax-bangla-section-2-sub-section-61-bangladeshi-company/","0","2024-12-07 04:23 +00:00"
"https://www.taxvatpoint.com/income-tax-bangla-section-2-sub-section-62-annual-value/","0","2025-06-15 10:28 +00:00"
"https://www.taxvatpoint.com/income-tax-bangla-section-2-sub-section-63-sales-proceeds/","0","2025-06-15 10:40 +00:00"
"https://www.taxvatpoint.com/income-tax-bangla-section-2-sub-section-64-foreign-company/","0","2024-12-07 04:24 +00:00"
"https://www.taxvatpoint.com/income-tax-bangla-section-2-sub-section-65-rules/","0","2024-12-07 04:27 +00:00"
"https://www.taxvatpoint.com/income-tax-bangla-section-2-sub-section-66-scientific-research/","0","2024-12-07 04:29 +00:00"
"https://www.taxvatpoint.com/income-tax-bangla-section-2-sub-section-67-scientific-research-expenditure/","0","2024-12-07 04:28 +00:00"
"https://www.taxvatpoint.com/income-tax-bangla-section-2-sub-section-68-board/","0","2024-12-07 04:27 +00:00"
"https://www.taxvatpoint.com/income-tax-bangla-section-2-sub-section-69-person/","0","2024-12-07 04:34 +00:00"
"https://www.taxvatpoint.com/income-tax-bangla-section-2-sub-section-70-business/","0","2024-12-07 04:34 +00:00"
"https://www.taxvatpoint.com/income-tax-bangla-section-2-sub-section-71-banking-company/","0","2024-12-07 04:33 +00:00"
"https://www.taxvatpoint.com/income-tax-bangla-section-2-sub-section-72-bank-transfer/","0","2024-12-07 04:35 +00:00"
"https://www.taxvatpoint.com/income-tax-bangla-section-2-sub-section-73-inventory/","0","2024-12-07 04:37 +00:00"
"https://www.taxvatpoint.com/income-tax-bangla-section-2-sub-section-74-director-general-central-intelligence-cell/","0","2024-12-07 04:37 +00:00"
"https://www.taxvatpoint.com/income-tax-bangla-section-2-sub-section-75-director-general-inspection/","0","2024-12-07 04:38 +00:00"
"https://www.taxvatpoint.com/income-tax-bangla-section-2-sub-section-76-director-general-training/","0","2024-12-07 04:41 +00:00"
"https://www.taxvatpoint.com/income-tax-bangla-section-2-sub-section-77-capital-asset/","0","2025-06-15 10:43 +00:00"
"https://www.taxvatpoint.com/income-tax-bangla-section-2-sub-section-78-total-income/","0","2024-12-07 04:41 +00:00"
"https://www.taxvatpoint.com/income-tax-bangla-section-2-sub-section-79-royalty/","0","2024-12-07 04:43 +00:00"
"https://www.taxvatpoint.com/income-tax-bangla-section-2-sub-section-80-export/","0","2024-12-07 04:44 +00:00"
"https://www.taxvatpoint.com/income-tax-bangla-section-2-sub-section-81-dividend/","0","2025-06-15 11:48 +00:00"
"https://www.taxvatpoint.com/income-tax-bangla-section-2-sub-section-82-shareholder/","0","2024-12-07 04:58 +00:00"
"https://www.taxvatpoint.com/income-tax-bangla-section-2-sub-section-83-member-taxes/","0","2024-12-07 04:59 +00:00"
"https://www.taxvatpoint.com/income-tax-bangla-section-2-sub-section-84-child/","0","2024-12-07 04:59 +00:00"
"https://www.taxvatpoint.com/income-tax-bangla-section-2-sub-section-85-co-operative-society/","0","2024-12-07 04:59 +00:00"
"https://www.taxvatpoint.com/income-tax-bangla-section-2-sub-section-86-assistant-commissioner-of-taxes/","0","2024-12-07 04:59 +00:00"
"https://www.taxvatpoint.com/income-tax-bangla-section-2-sub-section-87-securities/","0","2024-12-07 05:02 +00:00"
"https://www.taxvatpoint.com/income-tax-bangla-section-2-sub-section-88-interest/","0","2024-12-07 05:03 +00:00"
"https://www.taxvatpoint.com/income-tax-bangla-section-2-sub-section-89-service/","0","2024-12-07 05:03 +00:00"
"https://www.taxvatpoint.com/income-tax-bangla-section-2-sub-section-90-recognized-provident-fund/","0","2024-12-07 05:04 +00:00"
"https://www.taxvatpoint.com/income-tax-bangla-section-2-sub-section-91-local-authority/","0","2024-12-07 05:07 +00:00"
"https://www.taxvatpoint.com/income-tax-bangla-section-2-sub-section-92-permanent-establishment/","0","2024-12-07 05:07 +00:00"
"https://www.taxvatpoint.com/income-tax-bangla-section-2-sub-section-93-transfer/","0","2024-12-07 05:07 +00:00"
"https://www.taxvatpoint.com/income-tax-act-2023-in-english/","0","2024-04-08 19:20 +00:00"
"https://www.taxvatpoint.com/income-tax-bangla-section-2-sub-section-27-tax-free-limit/","0","2024-12-07 03:34 +00:00"
"https://www.taxvatpoint.com/income-tax-schedule-bangla-1st-schedule-part-1-disclosure-of-investment-by-paying-special-taxes/","0","2024-12-12 05:28 +00:00"
"https://www.taxvatpoint.com/income-tax-schedule-bangla-1st-schedule-part-2-voluntary-disclosure-of-income/","0","2024-12-12 05:29 +00:00"
"https://www.taxvatpoint.com/income-tax-schedule-bangla-2nd-schedule-part-1-approved-superannuation-fund-or-pension-fund/","0","2025-06-25 11:43 +00:00"
"https://www.taxvatpoint.com/income-tax-schedule-bangla-2nd-schedule-part-2-approved-gratuity-fund/","0","2025-06-25 11:47 +00:00"
"https://www.taxvatpoint.com/income-tax-schedule-bangla-2nd-schedule-part-3-recognized-provident-funds/","0","2025-06-25 11:54 +00:00"
"https://www.taxvatpoint.com/income-tax-schedule-bangla-3rd-schedule-part-1-computation-of-depreciation-allowance/","0","2025-06-24 05:07 +00:00"
"https://www.taxvatpoint.com/income-tax-schedule-bangla-3rd-schedule-part-2-computation-of-amortization/","0","2025-06-24 05:04 +00:00"
"https://www.taxvatpoint.com/income-tax-schedule-bangla-4th-schedule-computation-of-the-profits-and-gains-of-insurance/","0","2025-06-23 12:46 +00:00"
"https://www.taxvatpoint.com/income-tax-schedule-bangla-5th-schedule-part-1-computation-of-the-profits-or-gains-from-the-exploration-and-production-of-petroleum-and-the-determination-of-the-tax-thereon/","0","2024-12-12 12:24 +00:00"
"https://www.taxvatpoint.com/income-tax-schedule-bangla-5th-schedule-part-2-computation-of-profits-and-gains-from-the-exploration-and-extraction-of-mineral-deposits-other-than-oil-and-oil-gas-in-bangladesh/","0","2024-12-12 12:18 +00:00"
"https://www.taxvatpoint.com/income-tax-schedule-bangla-6th-schedule-part-1-exclusions-from-computation-of-total-income/","0","2025-06-25 13:25 +00:00"
"https://www.taxvatpoint.com/income-tax-schedule-bangla-6th-schedule-part-2-exclusions-from-total-income/","0","2024-12-12 12:26 +00:00"
"https://www.taxvatpoint.com/income-tax-schedule-bangla-6th-schedule-part-3-investments-and-expenses-applicable-for-general-tax-relief/","0","2025-06-25 12:10 +00:00"
"https://www.taxvatpoint.com/income-tax-schedule-bangla-6th-schedule-part-4-tax-holidays/","0","2025-06-25 12:06 +00:00"
"https://www.taxvatpoint.com/income-tax-schedule-bangla-7th-schedule-special-tax-rate/","0","2025-06-27 11:12 +00:00"
"https://www.taxvatpoint.com/income-tax-schedule-bangla-8th-schedule-part-1-business-restructuring/","0","2024-12-12 12:28 +00:00"
"https://www.taxvatpoint.com/income-tax-schedule-bangla-8th-schedule-part-2-startup-sandbox/","0","2024-12-12 12:33 +00:00"
"https://www.taxvatpoint.com/income-tax-schedule-bangla/","0","2025-06-30 05:08 +00:00"
"https://www.taxvatpoint.com/income-tax-schedule-english/","0","2023-12-25 19:22 +00:00"
"https://www.taxvatpoint.com/income-tax-rules-bangla/","0","2023-12-23 19:06 +00:00"
"https://www.taxvatpoint.com/income-tax-rules-english/","0","2023-12-23 19:07 +00:00"
"https://www.taxvatpoint.com/tds-rules-bangla/","0","2025-06-14 05:29 +00:00"
"https://www.taxvatpoint.com/tds-rules-english/","0","2023-12-23 18:56 +00:00"
"https://www.taxvatpoint.com/income-tax-sro/","0","2024-03-16 18:14 +00:00"
"https://www.taxvatpoint.com/income-tax-explanation/","0","2024-05-03 03:52 +00:00"
"https://www.taxvatpoint.com/income-tax-paripatra/","0","2024-08-25 18:13 +00:00"
"https://www.taxvatpoint.com/dtaa/","0","2024-05-03 04:12 +00:00"
"https://www.taxvatpoint.com/income-tax-forms/","0","2024-05-03 03:53 +00:00"
"https://www.taxvatpoint.com/past-questions-of-itp-exam/","0","2023-12-23 19:11 +00:00"
"https://www.taxvatpoint.com/other/","0","2024-06-03 06:59 +00:00"
"https://www.taxvatpoint.com/tds-rules-bangla-schedule-1-return-of-withholding-tax/","0","2023-08-12 16:53 +00:00"
"https://www.taxvatpoint.com/tds-rules-bangla-schedule-2-certificate-of-tax-deduction-collection-at-source-for-salary-income/","0","2023-08-12 16:55 +00:00"
"https://www.taxvatpoint.com/tds-rules-bangla-schedule-3-certificate-of-tax-deduction-collection-at-source-other-then-salary-income/","0","2023-08-12 16:55 +00:00"
"https://www.taxvatpoint.com/tds-rules-bangla-schedule-4-certificate-of-tax-deduction-collection-at-source-details-of-tax-deducted-at-source/","0","2023-08-12 16:57 +00:00"
"https://www.taxvatpoint.com/tds-rules-bangla-rules-1-short-title-and-commencement/","0","2024-05-04 03:29 +00:00"
"https://www.taxvatpoint.com/tds-rules-bangla-rules-2-definitions/","0","2024-05-04 04:18 +00:00"
"https://www.taxvatpoint.com/tds-rules-bangla-rules-3-deduction-from-payment-to-contractors-etc/","0","2024-05-04 04:17 +00:00"
"https://www.taxvatpoint.com/tds-rules-bangla-rules-4-deduction-from-the-payment-of-services/","0","2024-05-04 04:29 +00:00"
"https://www.taxvatpoint.com/tds-rules-bangla-rules-5-deduction-or-collection-of-tax-from-income-of-non-residents/","0","2024-05-04 04:29 +00:00"
"https://www.taxvatpoint.com/tds-rules-bangla-rules-6-collection-of-tax-on-transfer-of-property/","0","2023-12-15 08:51 +00:00"
"https://www.taxvatpoint.com/tds-rules-bangla-rules-7-collection-of-tax-from-importers/","0","2024-05-04 04:35 +00:00"
"https://www.taxvatpoint.com/tds-rules-bangla-rules-8-timelimit-for-payment-of-tax-deducted-at-source/","0","2024-05-04 04:37 +00:00"
"https://www.taxvatpoint.com/tds-rules-bangla-rules-9-manner-of-payment-of-tax-deducted-or-collected-at-source/","0","2024-05-04 04:39 +00:00"
"https://www.taxvatpoint.com/tds-rules-bangla-rules-11-deduction-or-collection-of-tax-after-gross-up-in-case-of-payment-without-tax/","0","2024-05-04 03:54 +00:00"
"https://www.taxvatpoint.com/tds-rules-bangla-rules-10-issuance-of-certificate-of-tax-deduction-or-collection/","0","2024-05-04 03:51 +00:00"
"https://www.taxvatpoint.com/tds-rules-bangla-rules-12-general-provisions-for-deduction-or-collection-of-tax-at-source/","0","2024-05-04 04:11 +00:00"
"https://www.taxvatpoint.com/tds-rules-bangla-rules-13-filling-return-of-withholding-tax/","0","2024-05-04 04:12 +00:00"
"https://www.taxvatpoint.com/tds-rules-bangla-rules-6a-collection-of-tax-from-persons-engaged-in-real-estate-or-land-development-business/","0","2023-12-15 08:55 +00:00"
"https://www.taxvatpoint.com/contact-us/","0","2024-01-12 14:16 +00:00"
"https://www.taxvatpoint.com/our-services/","0","2023-08-16 12:29 +00:00"
"https://www.taxvatpoint.com/training-details/","0","2024-02-25 20:25 +00:00"
"https://www.taxvatpoint.com/vat-sd-act-bangla-section-139-agreements-entered-into-after-the-introduction-of-this-act/","0","2024-12-16 03:06 +00:00"
"https://www.taxvatpoint.com/vat-sd-act-bangla-section-138-tax-accounting-during-transition/","0","2024-12-16 04:01 +00:00"
"https://www.taxvatpoint.com/vat-sd-act-bangla-section-137-repeal-and-savings/","0","2024-12-16 04:00 +00:00"
"https://www.taxvatpoint.com/vat-sd-act-bangla-section-136-publication-of-translated-english-text/","0","2024-12-16 04:03 +00:00"
"https://www.taxvatpoint.com/vat-sd-act-bangla-section-135a-determination-of-uniform-and-allowances-of-vat-officers-and-employees/","0","2024-12-16 03:58 +00:00"
"https://www.taxvatpoint.com/vat-sd-act-bangla-section-135-power-to-make-rules/","0","2024-12-16 04:02 +00:00"
"https://www.taxvatpoint.com/vat-sd-act-bangla-section-134-acts-to-be-done-through-a-private-organisation/","0","2024-12-16 03:57 +00:00"
"https://www.taxvatpoint.com/vat-sd-act-bangla-section-133-issuance-of-vat-clearance-certificate/","0","2024-12-16 03:59 +00:00"
"https://www.taxvatpoint.com/vat-sd-act-bangla-section-132-certified-copy-of-documents/","0","2024-12-16 03:57 +00:00"
"https://www.taxvatpoint.com/vat-sd-act-bangla-section-131-correction-of-clerical-mistakes-etc/","0","2024-12-16 03:54 +00:00"
"https://www.taxvatpoint.com/vat-sd-act-bangla-section-130-appointment-of-vat-consultant/","0","2024-07-15 16:41 +00:00"
"https://www.taxvatpoint.com/vat-sd-act-bangla-section-129a-protection-of-acts-done-in-good-faith/","0","2024-12-16 03:52 +00:00"
"https://www.taxvatpoint.com/vat-sd-act-bangla-section-129-bar-to-the-lodgement-of-suits-in-the-court/","0","2024-07-15 16:46 +00:00"
"https://www.taxvatpoint.com/vat-sd-act-bangla-section-128-online-performance-of-functions-filing-of-return-and-payment-of-tax-etc/","0","2024-12-16 03:56 +00:00"
"https://www.taxvatpoint.com/vat-sd-act-bangla-section-127b-determination-time-and-manner-of-payment-of-tax-in-case-of-certain-goods-or-services/","0","2024-12-16 03:49 +00:00"
"https://www.taxvatpoint.com/vat-sd-act-bangla-section-127a-power-to-write-off-government-dues/","0","2024-12-16 03:54 +00:00"
"https://www.taxvatpoint.com/vat-sd-act-bangla-section-127-imposition-of-interest-on-payable-tax/","0","2025-06-05 19:05 +00:00"
"https://www.taxvatpoint.com/vat-sd-act-bangla-section-126a-giving-rewards-and-performance-incentives/","0","2024-12-16 03:02 +00:00"
"https://www.taxvatpoint.com/vat-sd-act-bangla-section-126-exemption/","0","2025-06-05 19:00 +00:00"
"https://www.taxvatpoint.com/vat-sd-act-bangla-section-125-alternative-dispute-resolution/","0","2024-12-16 03:49 +00:00"
"https://www.taxvatpoint.com/vat-sd-act-bangla-section-124-appeal-to-the-high-court-division/","0","2025-06-05 18:56 +00:00"
"https://www.taxvatpoint.com/vat-sd-act-bangla-section-123-burden-of-proof-in-a-proceeding/","0","2025-06-05 18:51 +00:00"
"https://www.taxvatpoint.com/vat-sd-act-bangla-section-122-appeal-to-appellate-tribunal/","0","2025-06-05 18:48 +00:00"
"https://www.taxvatpoint.com/vat-sd-act-bangla-section-121-appeal-to-commissioner-appeal/","0","2025-06-05 18:14 +00:00"
"https://www.taxvatpoint.com/vat-sd-act-bangla-section-120-fine-additional-to-the-tax-payable/","0","2024-12-16 03:44 +00:00"
"https://www.taxvatpoint.com/vat-sd-act-bangla-section-119-compoundability-of-the-offences/","0","2024-12-16 03:43 +00:00"
"https://www.taxvatpoint.com/vat-sd-act-bangla-section-118-prior-approval-before-filing-a-case/","0","2024-12-16 03:45 +00:00"
"https://www.taxvatpoint.com/vat-sd-act-bangla-section-117-abettor-of-offence/","0","2024-12-16 03:43 +00:00"
"https://www.taxvatpoint.com/vat-sd-act-bangla-section-116-offence-committed-by-any-company-association-of-persons-or-property-development-joint-venture/","0","2024-12-16 03:41 +00:00"
"https://www.taxvatpoint.com/vat-sd-act-bangla-section-115-additional-power-of-the-judicial-magistrate-or-the-metropolitan-magistrate/","0","2024-12-16 03:39 +00:00"
"https://www.taxvatpoint.com/vat-sd-act-bangla-section-114-investigation-trial-and-appeal-of-the-offence/","0","2024-12-16 03:39 +00:00"
"https://www.taxvatpoint.com/vat-sd-act-bangla-section-113-offence-and-punishment-for-obstructions/","0","2024-12-16 03:37 +00:00"
"https://www.taxvatpoint.com/vat-sd-act-bangla-section-112-offence-and-punishment-relating-to-false-or-misleading-statement-or-description/","0","2024-12-16 03:34 +00:00"
"https://www.taxvatpoint.com/vat-sd-act-bangla-section-111-offences-relating-to-vat-registration-certificate-or-turnover-tax-certificate-and-tax-invoice-and-punishment-thereof/","0","2024-12-16 03:36 +00:00"
"https://www.taxvatpoint.com/vat-sd-act-bangla-section-110-authenticity-of-documents/","0","2024-12-16 03:37 +00:00"
"https://www.taxvatpoint.com/vat-sd-act-bangla-section-109-service-of-notices/","0","2024-12-16 03:29 +00:00"
"https://www.taxvatpoint.com/vat-sd-act-bangla-section-108-authentication-of-forms-notices-and-documents/","0","2024-12-16 03:31 +00:00"
"https://www.taxvatpoint.com/vat-sd-act-bangla-section-107-keeping-of-records-and-accounts/","0","2025-06-05 18:10 +00:00"
"https://www.taxvatpoint.com/vat-sd-act-bangla-section-106-payment-of-arrear-tax-by-installments/","0","2025-06-05 18:07 +00:00"
"https://www.taxvatpoint.com/vat-sd-act-bangla-section-105-death-or-insolvency-of-a-taxpayer/","0","2024-12-16 03:23 +00:00"
"https://www.taxvatpoint.com/vat-sd-act-bangla-section-104-continuity-of-partnerships-or-unincorporated-associations/","0","2024-12-16 03:27 +00:00"
"https://www.taxvatpoint.com/vat-sd-act-bangla-section-103-liability-of-directors-or-entrepreneurs-of-any-company-or-association-of-persons-or-of-property-development-joint-venture/","0","2024-12-16 03:29 +00:00"
"https://www.taxvatpoint.com/vat-sd-act-bangla-section-102-responsibilities-of-receivers/","0","2024-12-16 03:25 +00:00"
"https://www.taxvatpoint.com/vat-sd-act-bangla-section-101-liabilities-and-obligations-of-the-representative/","0","2024-12-16 03:24 +00:00"
"https://www.taxvatpoint.com/vat-sd-act-bangla-section-100-seizure-of-goods-sale-of-such-goods-and-disposal-of-the-sale-proceeds-thereof/","0","2024-12-16 03:04 +00:00"
"https://www.taxvatpoint.com/vat-sd-act-bangla-section-99-government-lien-on-the-immovable-property-of-the-defaulting-taxpayer-and-attachment-thereof/","0","2024-12-16 18:53 +00:00"
"https://www.taxvatpoint.com/vat-sd-act-bangla-section-98-disposal-of-money-or-security-recovered/","0","2024-12-16 18:53 +00:00"
"https://www.taxvatpoint.com/vat-sd-act-bangla-section-97-change-in-jurisdiction-for-recovery-of-arrear-tax/","0","2024-12-16 18:52 +00:00"
"https://www.taxvatpoint.com/vat-sd-act-bangla-section-96-power-of-vat-officer-under-the-code-of-civil-procedure/","0","2024-12-16 18:51 +00:00"
"https://www.taxvatpoint.com/vat-sd-act-bangla-section-95-recovery-of-arrear-tax/","0","2025-06-05 18:05 +00:00"
"https://www.taxvatpoint.com/vat-sd-act-bangla-section-94-special-audit/","0","2024-12-16 18:47 +00:00"
"https://www.taxvatpoint.com/vat-sd-act-bangla-section-93-multiple-departmental-audits/","0","2024-12-16 18:44 +00:00"
"https://www.taxvatpoint.com/vat-sd-act-bangla-section-92-supervised-supply-observation-and-surveillance/","0","2024-12-16 18:44 +00:00"
"https://www.taxvatpoint.com/vat-sd-act-bangla-section-91-powers-of-the-vat-officers/","0","2024-12-16 18:49 +00:00"
"https://www.taxvatpoint.com/vat-sd-act-bangla-section-90a-filing-of-annual-audited-financial-statements/","0","2024-12-16 03:18 +00:00"
"https://www.taxvatpoint.com/vat-sd-act-bangla-section-90-audit-and-investigation-of-a-taxpayers-economic-activities/","0","2024-12-16 18:40 +00:00"
"https://www.taxvatpoint.com/vat-sd-act-bangla-section-89a-application-of-other-laws-in-case-of-value-added-tax-act/","0","2024-12-16 18:41 +00:00"
"https://www.taxvatpoint.com/vat-sd-act-bangla-section-89-confidentiality/","0","2024-12-16 18:39 +00:00"
"https://www.taxvatpoint.com/vat-sd-act-bangla-section-88-duties-and-powers-of-the-customs-officers/","0","2024-12-16 18:37 +00:00"
"https://www.taxvatpoint.com/vat-sd-act-bangla-section-87-power-to-summons/","0","2024-12-16 18:37 +00:00"
"https://www.taxvatpoint.com/vat-sd-act-bangla-section-86-monetary-limits-of-the-vat-officers-in-initiating-a-proceeding-for-adjudication/","0","2024-12-16 18:33 +00:00"
"https://www.taxvatpoint.com/vat-sd-act-bangla-section-85-imposition-of-monetary-penalty-for-non-compliance-irregularities-or-tax-evasion/","0","2025-06-05 18:00 +00:00"
"https://www.taxvatpoint.com/vat-sd-act-bangla-section-84-seizure-of-goods-and-disposal-thereof/","0","2024-12-16 18:36 +00:00"
"https://www.taxvatpoint.com/vat-sd-act-bangla-section-83-power-to-enter-and-search-by-vat-officers/","0","2025-06-05 17:50 +00:00"
"https://www.taxvatpoint.com/vat-sd-act-bangla-section-82-assistance-to-vat-officers/","0","2024-12-16 18:35 +00:00"
"https://www.taxvatpoint.com/vat-sd-act-bangla-section-81-delegation-of-power/","0","2024-07-15 16:17 +00:00"
"https://www.taxvatpoint.com/vat-sd-act-bangla-section-80-power-of-the-board-to-amend-or-alter-an-order-or-decision-of-a-vat-officer/","0","2024-12-16 18:31 +00:00"
"https://www.taxvatpoint.com/vat-sd-act-bangla-section-79-duties-and-responsibilities-of-the-vat-authority/","0","2024-12-16 18:27 +00:00"
"https://www.taxvatpoint.com/vat-sd-act-bangla-section-78-value-added-tax-authority-and-officers-thereof/","0","2024-07-15 13:13 +00:00"
"https://www.taxvatpoint.com/vat-sd-act-bangla-section-77-admissibility-of-tax-determination-notice/","0","2024-12-16 18:30 +00:00"
"https://www.taxvatpoint.com/vat-sd-act-bangla-section-76-grant-of-tax-benefit-or-its-negation/","0","2024-12-16 18:25 +00:00"
"https://www.taxvatpoint.com/vat-sd-act-bangla-section-75-false-statement-by-supplier/","0","2024-12-16 18:26 +00:00"
"https://www.taxvatpoint.com/vat-sd-act-bangla-section-74-false-declaration-by-the-recipient-of-a-supply/","0","2024-12-16 18:26 +00:00"
"https://www.taxvatpoint.com/vat-sd-act-bangla-section-73-tax-determination/","0","2024-12-16 18:22 +00:00"
"https://www.taxvatpoint.com/vat-sd-act-bangla-section-72-refund-or-adjustment-of-taxes-paid-in-excess/","0","2025-06-05 16:07 +00:00"
"https://www.taxvatpoint.com/vat-sd-act-bangla-section-71-refund-of-taxes-paid-by-diplomats-and-other-international-organisations/","0","2025-06-05 16:04 +00:00"
"https://www.taxvatpoint.com/vat-sd-act-bangla-section-70-application-of-the-refunded-money/","0","2024-12-16 18:13 +00:00"
"https://www.taxvatpoint.com/vat-sd-act-bangla-section-69-refunds-without-carry-forward-of-net-negative-amounts-of-money/","0","2025-06-05 16:00 +00:00"
"https://www.taxvatpoint.com/vat-sd-act-bangla-section-68-carry-forward-and-refund-of-negative-net-amount/","0","2024-12-16 18:09 +00:00"
"https://www.taxvatpoint.com/vat-sd-act-bangla-section-67-filing-of-complete-additional-or-alternative-returns/","0","2024-12-16 18:07 +00:00"
"https://www.taxvatpoint.com/vat-sd-act-bangla-section-66-amendments-to-return/","0","2024-12-16 18:15 +00:00"
"https://www.taxvatpoint.com/vat-sd-act-bangla-section-65-late-filing-of-return/","0","2024-12-16 18:04 +00:00"
"https://www.taxvatpoint.com/vat-sd-act-bangla-section-64-filing-of-return/","0","2025-06-05 15:52 +00:00"
"https://www.taxvatpoint.com/vat-sd-act-bangla-section-63-imposition-and-collection-of-turnover-tax/","0","2024-12-16 17:59 +00:00"
"https://www.taxvatpoint.com/vat-sd-act-bangla-section-62-decreasing-adjustments-for-supplementary-duty/","0","2024-12-16 18:01 +00:00"
"https://www.taxvatpoint.com/vat-sd-act-bangla-section-61-presumed-supply-of-goods-subject-to-supplementary-duty/","0","2024-12-16 17:58 +00:00"
"https://www.taxvatpoint.com/vat-sd-act-bangla-section-60-collection-of-supplementary-duty-on-supplies/","0","2024-12-16 17:58 +00:00"
"https://www.taxvatpoint.com/vat-sd-act-bangla-section-59-collection-of-supplementary-duty-on-imports/","0","2024-12-16 17:57 +00:00"
"https://www.taxvatpoint.com/vat-sd-act-bangla-section-58-special-schemes-for-tobacco-and-alcoholic-goods/","0","2024-12-16 17:55 +00:00"
"https://www.taxvatpoint.com/vat-sd-act-bangla-section-56-persons-liable-to-pay-supplementary-duty/","0","2024-12-16 17:56 +00:00"
"https://www.taxvatpoint.com/vat-sd-act-bangla-section-57-the-value-for-imposition-of-supplementary-duty/","0","2025-06-05 15:46 +00:00"
"https://www.taxvatpoint.com/vat-sd-act-bangla-section-55-imposition-of-supplementary-duty/","0","2024-12-16 17:50 +00:00"
"https://www.taxvatpoint.com/vat-sd-act-bangla-section-54-other-provisions-relating-to-tax-documents/","0","2024-12-16 17:48 +00:00"
"https://www.taxvatpoint.com/vat-sd-act-bangla-section-53-tax-withholding-certificate/","0","2024-12-16 17:45 +00:00"
"https://www.taxvatpoint.com/vat-sd-act-bangla-section-52-credit-notes-and-debit-notes/","0","2024-12-16 17:42 +00:00"
"https://www.taxvatpoint.com/vat-sd-act-bangla-section-51-tax-invoices/","0","2024-12-16 17:39 +00:00"
"https://www.taxvatpoint.com/vat-sd-act-bangla-section-50-decreasing-adjustment-by-the-supplier-after-the-tax-withheld-at-source/","0","2025-06-05 15:43 +00:00"
"https://www.taxvatpoint.com/vat-sd-act-bangla-section-49-tax-withheld-at-source-and-increasing-adjustment-by-withholding-entity/","0","2025-06-05 15:39 +00:00"
"https://www.taxvatpoint.com/vat-sd-act-bangla-section-48-adjustments/","0","2025-06-05 15:29 +00:00"
"https://www.taxvatpoint.com/vat-sd-act-bangla-section-47-partial-input-tax-credit/","0","2025-06-05 15:25 +00:00"
"https://www.taxvatpoint.com/vat-sd-act-bangla-section-46-input-tax-credit/","0","2025-06-05 15:16 +00:00"
"https://www.taxvatpoint.com/vat-sd-act-bangla-section-45-manner-of-assessing-net-payable-tax-on-supplies-and-payment-thereof/","0","2024-12-16 17:23 +00:00"
"https://www.taxvatpoint.com/vat-sd-act-bangla-section-44-vending-machines/","0","2024-12-16 17:24 +00:00"
"https://www.taxvatpoint.com/vat-sd-act-bangla-section-43-sale-of-property-to-pay-off-a-debt/","0","2024-12-16 17:27 +00:00"
"https://www.taxvatpoint.com/vat-sd-act-bangla-section-42-cancelled-transactions/","0","2024-12-16 17:24 +00:00"
"https://www.taxvatpoint.com/vat-sd-act-bangla-section-41-lay-by-sales/","0","2024-12-16 17:27 +00:00"
"https://www.taxvatpoint.com/vat-sd-act-bangla-section-40-value-of-in-kind-benefits-given-to-an-employee-or-officer-provided-through-goods-instead-of-cash-money/","0","2024-12-16 17:15 +00:00"
"https://www.taxvatpoint.com/vat-sd-act-bangla-section-39-lotteries-lucky-draws-housie-raffles-and-similar-undertakings/","0","2025-06-16 07:11 +00:00"
"https://www.taxvatpoint.com/vat-sd-act-bangla-section-38-supply-of-prepaid-telecommunications-products-or-services/","0","2024-12-16 17:18 +00:00"
"https://www.taxvatpoint.com/vat-sd-act-bangla-section-37-rights-options-and-vouchers/","0","2024-12-16 17:18 +00:00"
"https://www.taxvatpoint.com/vat-sd-act-bangla-section-36-sale-of-an-establishment-as-a-going-concern/","0","2024-12-16 03:20 +00:00"
"https://www.taxvatpoint.com/vat-sd-act-bangla-section-35-supply-multiple-types-of-goods-and-services-through-single-challan/","0","2024-12-16 17:08 +00:00"
"https://www.taxvatpoint.com/vat-sd-act-bangla-section-34-progressive-or-periodic-supplies/","0","2024-12-16 17:06 +00:00"
"https://www.taxvatpoint.com/vat-sd-act-bangla-section-33-time-of-payment-of-vat-on-taxable-supply/","0","2024-07-15 13:06 +00:00"
"https://www.taxvatpoint.com/vat-sd-act-bangla-section-32a-explanation-by-the-board/","0","2024-12-16 17:13 +00:00"
"https://www.taxvatpoint.com/vat-sd-act-bangla-section-32-determination-of-value-of-taxable-supply/","0","2025-02-22 03:35 +00:00"
"https://www.taxvatpoint.com/vat-sd-act-bangla-section-31-payment-of-advance-tax-at-the-time-of-import-and-its-adjustment/","0","2025-06-05 14:29 +00:00"
"https://www.taxvatpoint.com/vat-sd-act-bangla-section-30-imports-for-exports/","0","2024-12-16 17:04 +00:00"
"https://www.taxvatpoint.com/vat-sd-act-bangla-section-29-determination-of-value-of-re-imported-goods/","0","2024-12-16 17:00 +00:00"
"https://www.taxvatpoint.com/vat-sd-act-bangla-section-28-determination-of-vat-imposable-base-value-in-case-of-taxable-imports/","0","2024-12-16 03:18 +00:00"
"https://www.taxvatpoint.com/vat-sd-act-bangla-section-27-manner-of-vat-collection-in-case-of-taxable-imports/","0","2024-12-16 17:00 +00:00"
"https://www.taxvatpoint.com/vat-sd-act-bangla-section-26-exempted-supplies-or-exempted-imports/","0","2024-12-16 16:56 +00:00"
"https://www.taxvatpoint.com/vat-sd-act-bangla-section-23-supply-of-goods-for-export/","0","2024-12-16 16:58 +00:00"
"https://www.taxvatpoint.com/vat-sd-act-bangla-section-22-land-outside-bangladesh/","0","2024-12-16 16:57 +00:00"
"https://www.taxvatpoint.com/vat-sd-act-bangla-section-21-zero-rated-supply/","0","2024-12-16 03:20 +00:00"
"https://www.taxvatpoint.com/vat-sd-act-bangla-section-19-vat-agent-of-non-residents/","0","2024-12-16 03:08 +00:00"
"https://www.taxvatpoint.com/vat-sd-act-bangla-section-18-registered-supplier-and-registered-recipient/","0","2024-12-16 04:31 +00:00"
"https://www.taxvatpoint.com/vat-sd-act-bangla-section-17-supplies-made-within-bangladesh/","0","2024-12-16 04:22 +00:00"
"https://www.taxvatpoint.com/vat-sd-act-bangla-section-16-persons-liable-to-pay-value-added-tax/","0","2024-12-16 04:23 +00:00"
"https://www.taxvatpoint.com/vat-sd-act-bangla-section-15-imposition-of-vat/","0","2024-12-16 04:06 +00:00"
"https://www.taxvatpoint.com/vat-sd-act-bangla-section-14-responsibility-of-a-registered-or-enlisted-person-to-keep-informed-of-changes-in-information/","0","2024-12-16 04:05 +00:00"
"https://www.taxvatpoint.com/vat-sd-act-bangla-section-13-responsibility-of-a-registered-or-enlisted-person-to-display-certificates/","0","2024-12-16 03:55 +00:00"
"https://www.taxvatpoint.com/vat-sd-act-bangla-section-12-registration-or-enlistment-suo-moto-of-persons-required-to-be-registered-or-enlisted/","0","2024-12-16 03:04 +00:00"
"https://www.taxvatpoint.com/vat-sd-act-bangla-section-11-cancellation-of-enlistment/","0","2024-12-16 03:30 +00:00"
"https://www.taxvatpoint.com/vat-sd-act-bangla-section-10-persons-required-to-be-enlisted-and-their-enlistment/","0","2024-12-16 03:26 +00:00"
"https://www.taxvatpoint.com/vat-sd-act-bangla-section-9-cancellation-of-vat-registration/","0","2024-12-16 18:42 +00:00"
"https://www.taxvatpoint.com/vat-sd-act-bangla-section-8-voluntary-vat-registration/","0","2024-12-16 18:33 +00:00"
"https://www.taxvatpoint.com/vat-sd-act-bangla-section-7-publication-and-preservation-of-a-list-of-registered-persons/","0","2024-12-16 18:12 +00:00"
"https://www.taxvatpoint.com/vat-sd-act-bangla-section-6-procedure-of-vat-registration/","0","2024-12-16 17:52 +00:00"
"https://www.taxvatpoint.com/vat-sd-act-bangla-section-5-registration/","0","2024-12-16 17:37 +00:00"
"https://www.taxvatpoint.com/vat-sd-act-bangla-section-4-persons-required-to-be-registered-for-vat/","0","2024-12-16 17:14 +00:00"
"https://www.taxvatpoint.com/vat-sd-act-bangla-section-3-the-act-to-prevail/","0","2024-12-16 17:02 +00:00"
"https://www.taxvatpoint.com/vat-sd-act-bangla-section-2-definitions/","0","2025-06-27 18:14 +00:00"
"https://www.taxvatpoint.com/vat-sd-act-bangla-section-1-short-title-and-commencement/","0","2024-12-16 03:19 +00:00"
"https://www.taxvatpoint.com/vat-sd-act-bangla-section-20-imported-services-reverse-charged-to-recipient/","0","2024-12-16 03:09 +00:00"
"https://www.taxvatpoint.com/vat-sd-act-bangla-section-24-supply-of-zero-rated-services/","0","2025-06-05 14:07 +00:00"
"https://www.taxvatpoint.com/vat-sd-act-bangla-section-25-travel-agent-and-tour-operators/","0","2024-12-16 16:56 +00:00"
"https://www.taxvatpoint.com/vat-sd-act-bangla-section-2-sub-section-1-non-resident/","0","2024-12-16 04:30 +00:00"
"https://www.taxvatpoint.com/vat-sd-act-bangla-section-2-sub-section-2-offence/","0","2024-12-16 03:07 +00:00"
"https://www.taxvatpoint.com/vat-sd-act-bangla-section-2-sub-section-3-exempted-supply/","0","2024-12-16 03:10 +00:00"
"https://www.taxvatpoint.com/vat-sd-act-bangla-section-2-sub-section-4-exempted-import/","0","2024-12-16 05:19 +00:00"
"https://www.taxvatpoint.com/vat-sd-act-bangla-section-2-sub-section-5-money/","0","2024-12-16 05:35 +00:00"
"https://www.taxvatpoint.com/vat-sd-act-bangla-section-2-sub-section-6-economic-activity/","0","2024-12-16 05:48 +00:00"
"https://www.taxvatpoint.com/vat-sd-act-bangla-section-2-sub-section-7-partnership/","0","2024-12-16 06:05 +00:00"
"https://www.taxvatpoint.com/vat-sd-act-bangla-section-2-sub-section-8-advance-tax/","0","2024-12-16 06:19 +00:00"
"https://www.taxvatpoint.com/vat-sd-act-bangla-section-2-sub-section-9-order/","0","2024-12-16 06:27 +00:00"
"https://www.taxvatpoint.com/vat-sd-act-bangla-section-2-sub-section-10-progressive-or-periodic-supply/","0","2024-12-16 04:29 +00:00"
"https://www.taxvatpoint.com/vat-sd-act-bangla-section-2-sub-section-11-ancillary-transport-services/","0","2024-12-16 04:40 +00:00"
"https://www.taxvatpoint.com/vat-sd-act-bangla-section-2-sub-section-12-international-transport/","0","2024-12-16 04:39 +00:00"
"https://www.taxvatpoint.com/vat-sd-act-bangla-section-2-sub-section-13-international-assistance-and-loan-agreement/","0","2024-12-16 04:41 +00:00"
"https://www.taxvatpoint.com/vat-sd-act-bangla-section-2-sub-section-14-appellate-tribunal/","0","2025-06-05 13:09 +00:00"
"https://www.taxvatpoint.com/vat-sd-act-bangla-section-2-sub-section-15-resident/","0","2024-12-16 04:42 +00:00"
"https://www.taxvatpoint.com/vat-sd-act-bangla-section-2-sub-section-16-import/","0","2024-12-16 04:45 +00:00"
"https://www.taxvatpoint.com/vat-sd-act-bangla-section-2-sub-section-17-imported-service/","0","2024-12-16 04:52 +00:00"
"https://www.taxvatpoint.com/vat-sd-act-bangla-section-2-sub-section-18-electronic-service/","0","2025-06-05 13:18 +00:00"
"https://www.taxvatpoint.com/vat-sd-act-bangla-section-2-sub-section-18a-input/","0","2025-05-03 02:51 +00:00"
"https://www.taxvatpoint.com/vat-sd-act-bangla-section-2-sub-section-19-input-tax/","0","2024-12-16 04:47 +00:00"
"https://www.taxvatpoint.com/vat-sd-act-bangla-section-2-sub-section-20-output-tax/","0","2024-12-16 04:54 +00:00"
"https://www.taxvatpoint.com/vat-sd-act-bangla-section-2-sub-section-21-withholding-entity/","0","2024-07-15 16:54 +00:00"
"https://www.taxvatpoint.com/vat-sd-act-bangla-section-2-sub-section-22-withholding-certificate/","0","2024-12-16 04:58 +00:00"
"https://www.taxvatpoint.com/vat-sd-act-bangla-section-2-sub-section-23-commissioner/","0","2024-12-16 04:59 +00:00"
"https://www.taxvatpoint.com/vat-sd-act-bangla-section-2-sub-section-24-tax/","0","2024-12-16 05:02 +00:00"
"https://www.taxvatpoint.com/vat-sd-act-bangla-section-2-sub-section-25-tax-invoice/","0","2024-12-16 05:01 +00:00"
"https://www.taxvatpoint.com/vat-sd-act-bangla-section-2-sub-section-26-taxpayer/","0","2024-12-16 05:09 +00:00"
"https://www.taxvatpoint.com/vat-sd-act-bangla-section-2-sub-section-27-tax-assessment/","0","2024-12-16 05:04 +00:00"
"https://www.taxvatpoint.com/vat-sd-act-bangla-section-2-sub-section-28-tax-determination/","0","2024-12-16 05:08 +00:00"
"https://www.taxvatpoint.com/vat-sd-act-bangla-section-2-sub-section-29-tax-fraction/","0","2024-07-15 12:57 +00:00"
"https://www.taxvatpoint.com/vat-sd-act-bangla-section-2-sub-section-30-tax-period/","0","2025-06-05 13:23 +00:00"
"https://www.taxvatpoint.com/vat-sd-act-bangla-section-2-sub-section-31-taxable-import/","0","2024-12-16 05:10 +00:00"
"https://www.taxvatpoint.com/vat-sd-act-bangla-section-2-sub-section-32-taxable-supply/","0","2024-12-16 05:11 +00:00"
"https://www.taxvatpoint.com/vat-sd-act-bangla-section-2-sub-section-33-tax-rate/","0","2024-12-16 05:14 +00:00"
"https://www.taxvatpoint.com/vat-sd-act-bangla-section-2-sub-section-34-tax-benefit/","0","2024-12-16 05:12 +00:00"
"https://www.taxvatpoint.com/vat-sd-act-bangla-section-2-sub-section-35-proceeding/","0","2024-12-16 05:14 +00:00"
"https://www.taxvatpoint.com/vat-sd-act-bangla-section-2-sub-section-36-lay-by-agreement/","0","2024-12-16 05:17 +00:00"
"https://www.taxvatpoint.com/vat-sd-act-bangla-section-2-sub-section-37-entity-registered-centrally/","0","2024-12-16 05:17 +00:00"
"https://www.taxvatpoint.com/vat-sd-act-bangla-section-2-sub-section-38-company/","0","2024-12-16 05:23 +00:00"
"https://www.taxvatpoint.com/vat-sd-act-bangla-section-2-sub-section-39-credit-note/","0","2024-12-16 05:25 +00:00"
"https://www.taxvatpoint.com/vat-sd-act-bangla-section-2-sub-section-40-invoice/","0","2024-12-16 05:20 +00:00"
"https://www.taxvatpoint.com/vat-sd-act-bangla-section-2-sub-section-41-penalty/","0","2024-12-16 05:20 +00:00"
"https://www.taxvatpoint.com/vat-sd-act-bangla-section-2-sub-section-42-turnover/","0","2024-12-16 05:22 +00:00"
"https://www.taxvatpoint.com/vat-sd-act-bangla-section-2-sub-section-43-turnover-tax/","0","2024-12-16 05:24 +00:00"
"https://www.taxvatpoint.com/vat-sd-act-bangla-section-2-sub-section-44-debit-note/","0","2024-12-16 05:25 +00:00"
"https://www.taxvatpoint.com/vat-sd-act-bangla-section-2-sub-section-45-schedule/","0","2024-12-16 05:30 +00:00"
"https://www.taxvatpoint.com/vat-sd-act-bangla-section-2-sub-section-46-enlisted/","0","2024-12-16 05:29 +00:00"
"https://www.taxvatpoint.com/vat-sd-act-bangla-section-2-sub-section-47-person-required-to-be-enlisted/","0","2024-12-16 05:34 +00:00"
"https://www.taxvatpoint.com/vat-sd-act-bangla-section-2-sub-section-48-enlistment-threshold/","0","2025-01-10 12:06 +00:00"
"https://www.taxvatpoint.com/vat-sd-act-bangla-section-2-sub-section-49-document/","0","2024-12-16 05:28 +00:00"
"https://www.taxvatpoint.com/vat-sd-act-bangla-section-2-sub-section-50-return/","0","2024-12-16 05:32 +00:00"
"https://www.taxvatpoint.com/vat-sd-act-bangla-section-2-sub-section-51-code-of-civil-procedure/","0","2024-12-16 05:34 +00:00"
"https://www.taxvatpoint.com/vat-sd-act-bangla-section-2-sub-section-52-fixed-place/","0","2024-12-16 05:37 +00:00"
"https://www.taxvatpoint.com/vat-sd-act-bangla-section-2-sub-section-53-prescribed/","0","2024-12-16 05:38 +00:00"
"https://www.taxvatpoint.com/vat-sd-act-bangla-section-2-sub-section-54-registration/","0","2024-12-16 05:39 +00:00"
"https://www.taxvatpoint.com/vat-sd-act-bangla-section-2-sub-section-55-person-required-to-be-registered/","0","2024-12-16 05:41 +00:00"
"https://www.taxvatpoint.com/vat-sd-act-bangla-section-2-sub-section-56-registered-person/","0","2024-12-16 05:42 +00:00"
"https://www.taxvatpoint.com/vat-sd-act-bangla-section-2-sub-section-57-registration-threshold/","0","2025-06-05 13:27 +00:00"
"https://www.taxvatpoint.com/vat-sd-act-bangla-section-2-sub-section-58-fair-market-price/","0","2024-12-16 05:45 +00:00"
"https://www.taxvatpoint.com/vat-sd-act-bangla-section-2-sub-section-59-consideration/","0","2024-12-16 05:49 +00:00"
"https://www.taxvatpoint.com/vat-sd-act-bangla-section-2-sub-section-60-goods/","0","2024-12-16 05:48 +00:00"
"https://www.taxvatpoint.com/vat-sd-act-bangla-section-2-sub-section-61-supply-of-goods/","0","2024-12-16 05:50 +00:00"
"https://www.taxvatpoint.com/vat-sd-act-bangla-section-2-sub-section-62-deemed-export/","0","2024-12-16 05:54 +00:00"
"https://www.taxvatpoint.com/vat-sd-act-bangla-section-2-sub-section-63-representative/","0","2024-12-16 05:57 +00:00"
"https://www.taxvatpoint.com/vat-sd-act-bangla-section-2-sub-section-64-net-payable-tax/","0","2024-12-16 03:12 +00:00"
"https://www.taxvatpoint.com/vat-sd-act-bangla-section-2-sub-section-65-manufacturing/","0","2024-12-16 05:54 +00:00"
"https://www.taxvatpoint.com/vat-sd-act-bangla-section-2-sub-section-66-finance-lease/","0","2024-12-16 05:52 +00:00"
"https://www.taxvatpoint.com/vat-sd-act-bangla-section-2-sub-section-67-code-of-criminal-procedure/","0","2024-12-16 05:56 +00:00"
"https://www.taxvatpoint.com/vat-sd-act-bangla-section-2-sub-section-68-arrear-tax/","0","2024-12-16 05:56 +00:00"
"https://www.taxvatpoint.com/vat-sd-act-bangla-section-2-sub-section-69-rule/","0","2024-12-16 06:05 +00:00"
"https://www.taxvatpoint.com/vat-sd-act-bangla-section-2-sub-section-70-bill-of-entry/","0","2025-06-05 13:44 +00:00"
"https://www.taxvatpoint.com/vat-sd-act-bangla-section-2-sub-section-71-increasing-adjustment/","0","2024-12-16 06:08 +00:00"
"https://www.taxvatpoint.com/vat-sd-act-bangla-section-2-sub-section-72-large-taxpayers-unit/","0","2024-12-16 06:10 +00:00"
"https://www.taxvatpoint.com/vat-sd-act-bangla-section-2-sub-section-73-board/","0","2024-12-16 06:09 +00:00"
"https://www.taxvatpoint.com/vat-sd-act-bangla-section-2-sub-section-74-person/","0","2024-12-16 06:09 +00:00"
"https://www.taxvatpoint.com/vat-sd-act-bangla-section-2-sub-section-75-association-of-persons/","0","2024-12-16 06:13 +00:00"
"https://www.taxvatpoint.com/vat-sd-act-bangla-section-2-sub-section-76-business-identification-number/","0","2024-12-16 06:15 +00:00"
"https://www.taxvatpoint.com/vat-sd-act-bangla-section-2-sub-section-77-services-directly-related-to-land/","0","2024-12-16 06:17 +00:00"
"https://www.taxvatpoint.com/vat-sd-act-bangla-section-2-sub-section-78-value/","0","2025-06-05 13:48 +00:00"
"https://www.taxvatpoint.com/vat-sd-act-bangla-section-2-sub-section-79-value-added-tax/","0","2024-12-16 06:15 +00:00"
"https://www.taxvatpoint.com/vat-sd-act-bangla-section-2-sub-section-80-value-added-tax-authority/","0","2024-12-16 06:17 +00:00"
"https://www.taxvatpoint.com/vat-sd-act-bangla-section-2-sub-section-81-value-added-tax-officer/","0","2024-12-16 06:25 +00:00"
"https://www.taxvatpoint.com/vat-sd-act-bangla-section-2-sub-section-82-export/","0","2024-12-16 06:19 +00:00"
"https://www.taxvatpoint.com/vat-sd-act-bangla-section-2-sub-section-83-branch-unit/","0","2024-12-16 06:20 +00:00"
"https://www.taxvatpoint.com/vat-sd-act-bangla-section-2-sub-section-84-the-customs-act/","0","2025-06-05 13:53 +00:00"
"https://www.taxvatpoint.com/vat-sd-act-bangla-section-2-sub-section-85-commissioner-of-customs/","0","2024-12-16 06:26 +00:00"
"https://www.taxvatpoint.com/vat-sd-act-bangla-section-2-sub-section-86-zero-rated-supply/","0","2024-12-16 06:22 +00:00"
"https://www.taxvatpoint.com/vat-sd-act-bangla-section-2-sub-section-87-adjustment-event/","0","2024-12-16 06:26 +00:00"
"https://www.taxvatpoint.com/vat-sd-act-bangla-section-2-sub-section-88-joint-venture-for-property-development/","0","2025-06-05 13:56 +00:00"
"https://www.taxvatpoint.com/vat-sd-act-bangla-section-2-sub-section-89-supplementary-duty/","0","2024-12-16 06:24 +00:00"
"https://www.taxvatpoint.com/vat-sd-act-bangla-section-2-sub-section-90-goods-subject-to-supplementary-duty/","0","2024-12-16 06:33 +00:00"
"https://www.taxvatpoint.com/vat-sd-act-bangla-section-2-sub-section-91-services-subject-to-supplementary-duty/","0","2024-12-16 06:31 +00:00"
"https://www.taxvatpoint.com/vat-sd-act-bangla-section-2-sub-section-92-withholding-certificate/","0","2024-12-16 06:30 +00:00"
"https://www.taxvatpoint.com/vat-sd-act-bangla-section-2-sub-section-93-government-entity/","0","2024-12-16 06:29 +00:00"
"https://www.taxvatpoint.com/vat-sd-act-bangla-section-2-sub-section-94-supply/","0","2024-12-16 06:33 +00:00"
"https://www.taxvatpoint.com/vat-sd-act-bangla-section-2-sub-section-95-certificate/","0","2024-12-16 06:33 +00:00"
"https://www.taxvatpoint.com/vat-sd-act-bangla-section-2-sub-section-96-time-of-supply/","0","2024-12-16 06:35 +00:00"
"https://www.taxvatpoint.com/vat-sd-act-bangla-section-2-sub-section-97-associate/","0","2024-12-16 06:38 +00:00"
"https://www.taxvatpoint.com/vat-sd-act-bangla-section-2-sub-section-97a-concerned-officers/","0","2024-12-16 06:35 +00:00"
"https://www.taxvatpoint.com/vat-sd-act-bangla-section-2-sub-section-98-second-hand-good/","0","2024-12-16 06:37 +00:00"
"https://www.taxvatpoint.com/vat-sd-act-bangla-section-2-sub-section-99-service/","0","2024-12-16 06:36 +00:00"
"https://www.taxvatpoint.com/vat-sd-act-bangla-section-2-sub-section-100-supply-of-service/","0","2024-12-16 04:36 +00:00"
"https://www.taxvatpoint.com/vat-sd-act-bangla-section-2-sub-section-101-immovable-property/","0","2024-12-16 04:36 +00:00"
"https://www.taxvatpoint.com/vat-sd-act-bangla-section-2-sub-section-102-supply-of-immovable-property/","0","2024-12-16 04:36 +00:00"
"https://www.taxvatpoint.com/vat-sd-act-bangla-section-2-sub-section-103-decreasing-adjustment/","0","2025-06-05 14:01 +00:00"
"https://www.taxvatpoint.com/vat-schedules-vat-sd-act-2012/","0","2025-06-12 12:16 +00:00"
"https://www.taxvatpoint.com/vat-schedule-bangla-1st-schedule-vat-exempted-goods-and-services/","0","2025-06-12 02:30 +00:00"
"https://www.taxvatpoint.com/vat-schedule-bangla-3rd-schedule-reduced-rate-or-specific-vat-applicable-goods-and-services/","0","2025-01-23 19:02 +00:00"
"https://www.taxvatpoint.com/vat-schedule-bangla-2nd-schedule-sd-applicable-goods-and-services/","0","2025-01-22 18:45 +00:00"
"https://www.taxvatpoint.com/tax-deduction-at-source-tds-rules-bangla-fy-2023-2024/","0","2025-06-10 16:24 +00:00"
"https://www.taxvatpoint.com/income-tax-nirdeshika/","0","2024-08-25 18:14 +00:00"
"https://www.taxvatpoint.com/vat-sd-act-2012-english-schedules/","0","2023-09-07 19:18 +00:00"
"https://www.taxvatpoint.com/vat-schedule-english-1st-schedule-vat-exempted-goods-and-services/","0","2023-09-07 19:46 +00:00"
"https://www.taxvatpoint.com/vat-schedule-english-2nd-schedule-sd-applicable-goods-and-services/","0","2023-09-07 19:57 +00:00"
"https://www.taxvatpoint.com/vat-schedule-english-3rd-schedule-reduced-rate-or-specific-vat-applicable-goods-and-services/","0","2023-09-07 20:04 +00:00"
"https://www.taxvatpoint.com/vds-rules-english/","0","2023-12-24 15:06 +00:00"
"https://www.taxvatpoint.com/vds-rules-bangla-fy-2019-2020/","0","2025-06-10 08:19 +00:00"
"https://www.taxvatpoint.com/vds-rules-bangla-fy-2020-2021/","0","2025-06-10 08:17 +00:00"
"https://www.taxvatpoint.com/vds-rules-bangla-fy-2021-2022/","0","2025-06-10 08:14 +00:00"
"https://www.taxvatpoint.com/vds-rules-bangla-fy-2022-2023/","0","2025-06-10 08:11 +00:00"
"https://www.taxvatpoint.com/vds-rules-bangla/","0","2025-06-10 08:02 +00:00"
"https://www.taxvatpoint.com/vds-rules-bangla-fy-2023-2024/","0","2025-06-10 08:09 +00:00"
"https://www.taxvatpoint.com/vds-rules-english-fy-2019-2020/","0","2023-12-24 15:12 +00:00"
"https://www.taxvatpoint.com/vds-rules-english-fy-2020-2021/","0","2023-12-24 15:17 +00:00"
"https://www.taxvatpoint.com/vds-rules-english-fy-2021-2022/","0","2023-12-24 15:23 +00:00"
"https://www.taxvatpoint.com/vds-rules-english-fy-2022-2023/","0","2023-12-24 15:31 +00:00"
"https://www.taxvatpoint.com/vds-rules-english-fy-2023-2024/","0","2023-12-24 15:32 +00:00"
"https://www.taxvatpoint.com/vds-rules-bangla-fy-2019-2020-rules-1-short-title-and-commencement/","0","2024-01-07 06:36 +00:00"
"https://www.taxvatpoint.com/vds-rules-bangla-fy-2019-2020-rules-2-definations/","0","2024-01-07 06:44 +00:00"
"https://www.taxvatpoint.com/vds-rules-bangla-fy-2019-2020-rules-3-the-circumstances-where-vat-has-to-be-deducted-at-source/","0","2024-01-07 06:46 +00:00"
"https://www.taxvatpoint.com/vds-rules-bangla-fy-2019-2020-rules-4-the-circumstances-where-vat-is-not-to-be-deducted-at-source/","0","2023-09-22 14:49 +00:00"
"https://www.taxvatpoint.com/vds-rules-bangla-fy-2019-2020-rules-5-responsibility-of-withholding-entity/","0","2023-09-24 03:21 +00:00"
"https://www.taxvatpoint.com/vds-rules-bangla-fy-2019-2020-rules-6-suppliers-responsibility/","0","2023-09-24 03:22 +00:00"
"https://www.taxvatpoint.com/vds-rules-bangla-fy-2019-2020-rules-7-interest-penalty-etc/","0","2024-01-07 06:49 +00:00"
"https://www.taxvatpoint.com/vds-rules-bangla-fy-2019-2020-rules-8-miscellanous/","0","2024-01-07 06:51 +00:00"
"https://www.taxvatpoint.com/vds-rules-bangla-fy-2020-2021-rules-1-short-title/","0","2023-09-22 17:00 +00:00"
"https://www.taxvatpoint.com/vds-rules-bangla-fy-2020-2021-rules-2-definations/","0","2024-01-07 07:17 +00:00"
"https://www.taxvatpoint.com/vds-rules-bangla-fy-2020-2021-rules-3-the-circumstances-where-vat-has-to-be-deducted-at-source/","0","2024-01-07 07:24 +00:00"
"https://www.taxvatpoint.com/vds-rules-bangla-fy-2020-2021-rules-4-vat-deduction-at-source-in-case-of-procurement-provider/","0","2024-01-07 07:31 +00:00"
"https://www.taxvatpoint.com/vds-rules-bangla-fy-2020-2021-rules-5-the-circumstances-where-vat-is-not-to-be-deducted-at-source/","0","2024-01-07 09:33 +00:00"
"https://www.taxvatpoint.com/vds-rules-bangla-fy-2020-2021-rules-6-responsibility-of-withholding-entity/","0","2024-01-07 09:40 +00:00"
"https://www.taxvatpoint.com/vds-rules-bangla-fy-2020-2021-rules-7-suppliers-responsibility/","0","2024-01-07 09:44 +00:00"
"https://www.taxvatpoint.com/vds-rules-bangla-fy-2020-2021-rules-8-interest-penalty-etc/","0","2024-01-07 09:46 +00:00"
"https://www.taxvatpoint.com/vds-rules-bangla-fy-2020-2021-rules-9-miscellanous/","0","2023-09-22 17:36 +00:00"
"https://www.taxvatpoint.com/vds-rules-bangla-fy-2020-2021-rules-10-repleaed/","0","2023-09-22 17:37 +00:00"
"https://www.taxvatpoint.com/vds-rules-bangla-fy-2021-2022-rules-1-short-title/","0","2023-09-23 17:08 +00:00"
"https://www.taxvatpoint.com/vds-rules-bangla-fy-2021-2022-rules-10-repealed/","0","2023-09-30 04:31 +00:00"
"https://www.taxvatpoint.com/vds-rules-bangla-fy-2021-2022-rules-2-definations/","0","2024-01-07 10:27 +00:00"
"https://www.taxvatpoint.com/vds-rules-bangla-fy-2021-2022-rules-3-the-circumstances-where-vat-has-to-be-deducted-at-source/","0","2023-09-30 02:07 +00:00"
"https://www.taxvatpoint.com/vds-rules-bangla-fy-2021-2022-rules-4-vat-deduction-at-source-in-case-of-procurement-provider/","0","2023-09-23 17:24 +00:00"
"https://www.taxvatpoint.com/vds-rules-bangla-fy-2021-2022-rules-5-the-circumstances-where-vat-is-not-to-be-deducted-at-source/","0","2024-01-07 10:37 +00:00"
"https://www.taxvatpoint.com/vds-rules-bangla-fy-2021-2022-rules-6-responsibility-of-withholding-entity/","0","2023-09-23 17:29 +00:00"
"https://www.taxvatpoint.com/vds-rules-bangla-fy-2021-2022-rules-7-suppliers-responsibility/","0","2023-09-23 17:32 +00:00"
"https://www.taxvatpoint.com/vds-rules-bangla-fy-2021-2022-rules-8-interest-penalty-etc/","0","2024-01-07 10:41 +00:00"
"https://www.taxvatpoint.com/vds-rules-bangla-fy-2021-2022-rules-9-miscellanous/","0","2023-09-23 17:35 +00:00"
"https://www.taxvatpoint.com/vds-rules-bangla-fy-2022-2023-rules-1-short-title/","0","2023-09-23 18:08 +00:00"
"https://www.taxvatpoint.com/vds-rules-bangla-fy-2022-2023-rules-10-repealed/","0","2023-09-30 04:34 +00:00"
"https://www.taxvatpoint.com/vds-rules-bangla-fy-2022-2023-rules-2-definations/","0","2024-01-07 10:27 +00:00"
"https://www.taxvatpoint.com/vds-rules-bangla-fy-2022-2023-rules-3-the-circumstances-where-vat-has-to-be-deducted-at-source/","0","2024-01-07 10:48 +00:00"
"https://www.taxvatpoint.com/vds-rules-bangla-fy-2022-2023-rules-4-vat-deduction-at-source-in-case-of-procurement-provider/","0","2024-01-07 10:52 +00:00"
"https://www.taxvatpoint.com/vds-rules-bangla-fy-2022-2023-rules-5-the-circumstances-where-vat-is-not-to-be-deducted-at-source/","0","2024-01-07 10:57 +00:00"
"https://www.taxvatpoint.com/vds-rules-bangla-fy-2022-2023-rules-6-responsibility-of-withholding-entity/","0","2024-01-07 11:01 +00:00"
"https://www.taxvatpoint.com/vds-rules-bangla-fy-2022-2023-rules-7-suppliers-responsibility/","0","2024-01-07 11:04 +00:00"
"https://www.taxvatpoint.com/vds-rules-bangla-fy-2022-2023-rules-8-interest-penalty-etc/","0","2024-01-07 11:05 +00:00"
"https://www.taxvatpoint.com/vds-rules-bangla-fy-2022-2023-rules-9-miscellanous/","0","2024-01-07 11:08 +00:00"
"https://www.taxvatpoint.com/vds-rules-bangla-fy-2023-2024-rules-1-short-title/","0","2024-05-12 14:41 +00:00"
"https://www.taxvatpoint.com/vds-rules-bangla-fy-2023-2024-rules-10-repealed/","0","2024-05-12 14:42 +00:00"
"https://www.taxvatpoint.com/vds-rules-bangla-fy-2023-2024-rules-2-definitions/","0","2024-05-12 14:41 +00:00"
"https://www.taxvatpoint.com/vds-rules-bangla-fy-2023-2024-rules-3-the-circumstances-where-vat-has-to-be-deducted-at-source/","0","2024-05-12 15:03 +00:00"
"https://www.taxvatpoint.com/vds-rules-bangla-fy-2023-2024-rules-4-vat-deduction-at-source-in-case-of-procurement-provider/","0","2024-05-12 14:53 +00:00"
"https://www.taxvatpoint.com/vds-rules-bangla-fy-2023-2024-rules-5-the-circumstances-where-vat-is-not-to-be-deducted-at-source/","0","2024-05-12 14:56 +00:00"
"https://www.taxvatpoint.com/vds-rules-bangla-fy-2023-2024-rules-6-responsibility-of-withholding-entity/","0","2024-05-12 15:03 +00:00"
"https://www.taxvatpoint.com/vds-rules-bangla-fy-2023-2024-rules-7-suppliers-responsibility/","0","2024-05-12 15:11 +00:00"
"https://www.taxvatpoint.com/vds-rules-bangla-fy-2023-2024-rules-8-interest-penalty-etc/","0","2024-05-12 15:17 +00:00"
"https://www.taxvatpoint.com/vds-rules-bangla-fy-2023-2024-rules-9-miscellanous/","0","2024-05-12 15:17 +00:00"
"https://www.taxvatpoint.com/definition-of-service-under-vat-sd-act-2012/","0","2025-07-31 18:08 +00:00"
"https://www.taxvatpoint.com/mandatory-vat-registration-irrespective-of-turnover/","0","2024-06-04 09:45 +00:00"
"https://www.taxvatpoint.com/terms-conditions/","0","2023-10-04 19:22 +00:00"
"https://www.taxvatpoint.com/main-vat-exemption-sro-in-bangla/","0","2025-06-12 19:04 +00:00"
"https://www.taxvatpoint.com/main-vat-exemption-sro-in-bangla-for-fy-2019-2020/","0","2024-01-07 03:34 +00:00"
"https://www.taxvatpoint.com/main-vat-exemption-sro-in-bangla-for-fy-2020-2021/","0","2024-01-07 04:03 +00:00"
"https://www.taxvatpoint.com/main-vat-exemption-sro-in-bangla-for-fy-2021-2022/","0","2024-01-07 05:45 +00:00"
"https://www.taxvatpoint.com/main-vat-exemption-sro-in-bangla-for-fy-2022-2023/","0","2024-01-07 05:45 +00:00"
"https://www.taxvatpoint.com/main-vat-exemption-sro-in-bangla-for-fy-2023-2024/","0","2024-01-07 05:40 +00:00"
"https://www.taxvatpoint.com/value-added-tax-vat-and-supplementary-duty-sd-rules-2016/","0","2025-06-13 14:47 +00:00"
"https://www.taxvatpoint.com/vat-sd-rules-2016-in-bangla-rule-1-short-title-and-commencement/","0","2024-12-16 18:59 +00:00"
"https://www.taxvatpoint.com/vat-sd-rules-2016-in-bangla-rule-2-definition/","0","2025-06-13 12:41 +00:00"
"https://www.taxvatpoint.com/vat-sd-rules-2016-in-bangla-rule-3-determination-of-threshold-of-registration-or-enlistment/","0","2024-12-25 06:27 +00:00"
"https://www.taxvatpoint.com/vat-sd-rules-2016-in-bangla-rule-4-application-for-registration-and-issuance-of-registration/","0","2024-06-22 16:37 +00:00"
"https://www.taxvatpoint.com/vat-sd-rules-2016-in-bangla-rule-5-application-for-enlistment-and-enlistment/","0","2024-06-22 17:03 +00:00"
"https://www.taxvatpoint.com/vat-sd-rules-2016-in-bangla-rule-6-voluntary-registration/","0","2024-12-25 06:51 +00:00"
"https://www.taxvatpoint.com/vat-sd-rules-2016-in-bangla-rule-7-registration-or-enlistment-done-by-the-commissioner-on-his-own/","0","2024-12-25 07:01 +00:00"
"https://www.taxvatpoint.com/vat-sd-rules-2016-in-bangla-rule-8-cancellation-of-vat-registration/","0","2024-12-25 07:10 +00:00"
"https://www.taxvatpoint.com/vat-sd-rules-2016-in-bangla-rule-18b-supply-of-goods-and-services-against-domestic-back-to-back-lc-in-exchange-of-foreign-currency/","0","2024-12-25 05:42 +00:00"
"https://www.taxvatpoint.com/vat-sd-rules-2016-in-bangla-rule-9-cancellation-of-turnover-tax-enlistment/","0","2024-12-25 07:30 +00:00"
"https://www.taxvatpoint.com/vat-sd-rules-2016-in-bangla-rule-10-list-of-registered-or-enlisted-persons/","0","2024-12-16 19:02 +00:00"
"https://www.taxvatpoint.com/vat-sd-rules-2016-in-bangla-rule-11-use-of-business-identification-number/","0","2024-12-25 05:16 +00:00"
"https://www.taxvatpoint.com/vat-sd-rules-2016-in-bangla-rule-12-notifying-the-changed-information/","0","2025-06-13 12:46 +00:00"
"https://www.taxvatpoint.com/vat-sd-rules-2016-in-bangla-rule-13-change-in-place-of-business/","0","2024-12-25 05:32 +00:00"
"https://www.taxvatpoint.com/vat-sd-rules-2016-in-bangla-rule-18a-supply-of-goods-and-services-against-international-tender-in-exchange-of-foreign-currency/","0","2025-06-13 12:52 +00:00"
"https://www.taxvatpoint.com/vat-sd-rules-2016-in-bangla-rule-18-travel-agent-and-tour-operator/","0","2024-12-25 05:40 +00:00"
"https://www.taxvatpoint.com/vat-sd-rules-2016-in-bangla-rule-14-duplicate-of-registration-certificate-or-enlistment-certificate/","0","2024-12-25 05:32 +00:00"
"https://www.taxvatpoint.com/vat-sd-rules-2016-in-bangla-rule-15-transitional-registration-or-enlistment/","0","2024-12-25 05:39 +00:00"
"https://www.taxvatpoint.com/vat-sd-rules-2016-in-bangla-rule-16-appointment-of-vat-agent-etc/","0","2024-12-25 05:39 +00:00"
"https://www.taxvatpoint.com/vat-sd-rules-2016-in-bangla-rule-17-nomination-of-vat-agent/","0","2024-12-25 05:40 +00:00"
"https://www.taxvatpoint.com/vat-sd-rules-2016-in-bangla-rule-18c-supply-of-goods-and-services-in-case-of-backward-linkage-industry/","0","2025-06-13 12:56 +00:00"
"https://www.taxvatpoint.com/vat-sd-rules-2016-in-bangla-rule-19-adjustment-and-refund-of-advance-tax-paid-at-import-stage/","0","2024-12-25 05:44 +00:00"
"https://www.taxvatpoint.com/vat-sd-rules-2016-in-bangla-rule-20-determination-of-value-of-a-supply-without-consideration/","0","2025-06-13 12:59 +00:00"
"https://www.taxvatpoint.com/vat-sd-rules-2016-in-bangla-rule-21-declaration-of-input-output-co-efficient/","0","2025-06-13 13:02 +00:00"
"https://www.taxvatpoint.com/vat-sd-rules-2016-in-bangla-rule-22-method-of-selling-a-going-concern/","0","2024-12-25 06:14 +00:00"
"https://www.taxvatpoint.com/vat-sd-rules-2016-in-bangla-rule-23-method-of-taking-credit-by-a-pre-paid-telecommunications-service-recipient-or-user-of-goods/","0","2024-12-25 06:24 +00:00"
"https://www.taxvatpoint.com/vat-sd-rules-2016-in-bangla-rule-24-method-of-selling-property-in-satisfaction-of-payment-of-loan-by-an-unregistered-creditor/","0","2024-12-25 06:17 +00:00"
"https://www.taxvatpoint.com/vat-sd-rules-2016-in-bangla-rule-24a-disposal-of-unused-or-unusable-inputs/","0","2024-12-25 06:18 +00:00"
"https://www.taxvatpoint.com/vat-sd-rules-2016-in-bangla-rule-24b-disposal-of-goods-damaged-or-destroyed-in-accident/","0","2024-12-25 06:22 +00:00"
"https://www.taxvatpoint.com/vat-sd-rules-2016-in-bangla-rule-24c-supply-and-disposal-of-waste-and-by-products-goods/","0","2025-06-13 13:07 +00:00"
"https://www.taxvatpoint.com/vat-sd-rules-2016-in-bangla-rule-25-procedure-for-payment-of-tax/","0","2024-12-25 06:21 +00:00"
"https://www.taxvatpoint.com/vat-sd-rules-2016-in-bangla-rule-26-taking-partial-input-tax-credit/","0","2025-06-13 13:11 +00:00"
"https://www.taxvatpoint.com/vat-sd-rules-2016-in-bangla-rule-27-post-supply-adjustment-procedure-in-case-of-adjustment-events/","0","2025-06-13 13:19 +00:00"
"https://www.taxvatpoint.com/vat-sd-rules-2016-in-bangla-rule-28-post-supply-adjustment-for-unrealized-consideration/","0","2024-12-25 06:28 +00:00"
"https://www.taxvatpoint.com/vat-sd-rules-2016-in-bangla-rule-29-adjustment-for-not-paying-money-through-banking-channel/","0","2024-12-25 06:28 +00:00"
"https://www.taxvatpoint.com/vat-sd-rules-2016-in-bangla-rule-30-adjustment-in-case-of-wealth-used-for-private-purposes/","0","2024-12-25 06:36 +00:00"
"https://www.taxvatpoint.com/vat-sd-rules-2016-in-bangla-rule-31-adjustment-of-input-tax-and-vat-for-being-registered/","0","2024-12-25 06:31 +00:00"
"https://www.taxvatpoint.com/vat-sd-rules-2016-in-bangla-rule-32-adjustment-in-case-of-cancellation-of-registration/","0","2024-12-25 06:37 +00:00"
"https://www.taxvatpoint.com/vat-sd-rules-2016-in-bangla-rule-33-adjustment-in-case-of-second-hand-goods-purchased-for-resale/","0","2024-12-25 06:37 +00:00"
"https://www.taxvatpoint.com/vat-sd-rules-2016-in-bangla-rule-34-adjustment-related-to-insurance/","0","2024-12-25 06:31 +00:00"
"https://www.taxvatpoint.com/vat-sd-rules-2016-in-bangla-rule-35-adjustment-in-relation-to-lottery-lucky-draw-raffle-draw-housie-and-similar-undertakings/","0","2024-12-25 06:33 +00:00"
"https://www.taxvatpoint.com/vat-sd-rules-2016-in-bangla-rule-36-adjustment-in-case-of-changes-in-tax-rate/","0","2024-12-25 06:36 +00:00"
"https://www.taxvatpoint.com/vat-sd-rules-2016-in-bangla-rule-37-payment-of-vat-deducted-at-source-by-the-unregistered-recipient-of-supply/","0","2024-06-22 16:33 +00:00"
"https://www.taxvatpoint.com/vat-sd-rules-2016-in-bangla-rule-38-vat-deduction-at-source-and-payment-by-accounts-officer-on-behalf-of-unregistered-recipient-of-supply/","0","2024-06-22 16:26 +00:00"
"https://www.taxvatpoint.com/vat-sd-rules-2016-in-bangla-rule-39-decreasing-adjustment-by-the-supplier-following-deduction-at-source/","0","2025-06-13 13:23 +00:00"
"https://www.taxvatpoint.com/vat-sd-rules-2016-in-bangla-rule-40-accounting-of-value-added-tax/","0","2025-06-13 14:00 +00:00"
"https://www.taxvatpoint.com/vat-sd-rules-2016-in-bangla-rule-41-accounting-of-turnover-tax/","0","2024-06-22 16:43 +00:00"
"https://www.taxvatpoint.com/vat-sd-rules-2016-in-bangla-rule-42-submission-of-information-related-to-purchase-sale/","0","2024-06-22 16:44 +00:00"
"https://www.taxvatpoint.com/vat-sd-rules-2016-in-bangla-rule-43-documents-issued-by-or-to-the-representative/","0","2024-06-22 16:44 +00:00"
"https://www.taxvatpoint.com/vat-sd-rules-2016-in-bangla-rule-44-restrictions-regarding-duplication/","0","2024-06-22 16:44 +00:00"
"https://www.taxvatpoint.com/vat-sd-rules-2016-in-bangla-rule-45-adjustment-of-supplementary-duty-in-case-of-export/","0","2025-06-13 14:10 +00:00"
"https://www.taxvatpoint.com/vat-sd-rules-2016-in-bangla-rule-46-collection-of-turnover-tax/","0","2024-06-22 17:13 +00:00"
"https://www.taxvatpoint.com/vat-sd-rules-2016-in-bangla-rule-47-filling-of-return/","0","2024-06-22 16:57 +00:00"
"https://www.taxvatpoint.com/vat-sd-rules-2016-in-bangla-rule-48-procedure-of-late-filling-of-return/","0","2025-06-13 14:13 +00:00"
"https://www.taxvatpoint.com/vat-sd-rules-2016-in-bangla-rule-49-amendment-of-return/","0","2024-06-22 17:20 +00:00"
"https://www.taxvatpoint.com/vat-sd-rules-2016-in-bangla-rule-50-complete-additional-or-alternative-return/","0","2024-06-22 17:19 +00:00"
"https://www.taxvatpoint.com/vat-sd-rules-2016-in-bangla-rule-51-calculation-of-time-while-submitting-the-return-by-post-of-messenger/","0","2024-06-22 17:17 +00:00"
"https://www.taxvatpoint.com/vat-sd-rules-2016-in-bangla-rule-52-refund/","0","2024-06-22 17:18 +00:00"
"https://www.taxvatpoint.com/vat-sd-rules-2016-in-bangla-rule-53-refund-for-construction-construction-of-house-or-building-development-of-land-or-property-and-conduct-of-any-other-economic-activities-together/","0","2024-12-25 06:43 +00:00"
"https://www.taxvatpoint.com/vat-sd-rules-2016-in-bangla-rule-54-application-of-refunded-amount/","0","2024-12-25 06:41 +00:00"
"https://www.taxvatpoint.com/vat-sd-rules-2016-in-bangla-rule-55-refund-of-the-tax-paid-by-the-diplomatic-and-other-international-organization/","0","2024-12-25 06:44 +00:00"
"https://www.taxvatpoint.com/vat-sd-rules-2016-in-bangla-rule-56-tax-refund-to-foreign-tourists/","0","2024-12-25 06:46 +00:00"
"https://www.taxvatpoint.com/vat-sd-rules-2016-in-bangla-rule-57-selection-of-registered-persons-with-the-purpose-of-issuing-vat-refund-certificate-to-the-foreign-tourists/","0","2024-12-25 06:46 +00:00"
"https://www.taxvatpoint.com/vat-sd-rules-2016-in-bangla-rule-57a-method-of-tax-determination/","0","2024-12-25 06:45 +00:00"
"https://www.taxvatpoint.com/vat-sd-rules-2016-in-bangla-rule-58-negation-of-tax-advantage-from-special-scheme/","0","2024-12-25 06:47 +00:00"
"https://www.taxvatpoint.com/vat-sd-rules-2016-in-bangla-rule-59-power-of-the-board-to-amend-the-order-or-the-decision-of-the-vat-official/","0","2024-12-25 06:49 +00:00"
"https://www.taxvatpoint.com/vat-sd-rules-2016-in-bangla-rule-60-power-of-vat-official-to-entry-and-search/","0","2024-12-25 06:55 +00:00"
"https://www.taxvatpoint.com/vat-sd-rules-2016-in-bangla-rule-61-seizure-of-records-documents-goods-or-vehicle-carrying-goods/","0","2024-12-25 06:50 +00:00"
"https://www.taxvatpoint.com/vat-sd-rules-2016-in-bangla-rule-62-returning-the-seized-records-and-documents/","0","2024-12-25 06:51 +00:00"
"https://www.taxvatpoint.com/vat-sd-rules-2016-in-bangla-rule-63-releasing-the-seized-goods-or-vehicle-carrying-goods/","0","2024-12-25 06:56 +00:00"
"https://www.taxvatpoint.com/vat-sd-rules-2016-in-bangla-rule-64-power-and-procedure-of-freezing-bank-account/","0","2024-12-25 06:55 +00:00"
"https://www.taxvatpoint.com/vat-sd-rules-2016-in-bangla-rule-65-procedure-for-imposing-penalty/","0","2024-12-25 06:56 +00:00"
"https://www.taxvatpoint.com/vat-sd-rules-2016-in-bangla-rule-66-supervised-supply-observation-and-surveillance/","0","2024-12-25 06:58 +00:00"
"https://www.taxvatpoint.com/vat-sd-rules-2016-in-bangla-rule-66a-audit-of-tax-related-activity-of-the-tax-prayers/","0","2024-12-25 06:58 +00:00"
"https://www.taxvatpoint.com/vat-sd-rules-2016-in-bangla-rule-67-appointment-of-auditor-for-performing-special-audit/","0","2024-12-25 07:01 +00:00"
"https://www.taxvatpoint.com/vat-sd-rules-2016-in-bangla-rule-68-standard-procedure-to-realize-arrear-tax/","0","2024-12-25 07:00 +00:00"
"https://www.taxvatpoint.com/vat-sd-rules-2016-in-bangla-rule-69-deduction-procedure-from-money-controlled-by-any-income-tax-or-customs-or-vat-or-excise-authority/","0","2024-12-25 07:01 +00:00"
"https://www.taxvatpoint.com/vat-sd-rules-2016-in-bangla-rule-70-deduction-procedure-from-any-individual-associate-or-financial-institution-or-bank/","0","2024-12-25 07:03 +00:00"
"https://www.taxvatpoint.com/vat-sd-rules-2016-in-bangla-rule-71-procedure-to-freeze-the-bank-account-of-any-defaulting-taxpayer/","0","2024-12-25 07:05 +00:00"
"https://www.taxvatpoint.com/vat-sd-rules-2016-in-bangla-rule-72-procedure-of-keeping-business-premises-of-any-defaulting-taxpayer-under-lock-and-key/","0","2024-12-25 07:03 +00:00"
"https://www.taxvatpoint.com/vat-sd-rules-2016-in-bangla-rule-73-procedure-of-seizure-of-moveable-property-of-any-defaulting-taxpayer/","0","2024-12-25 07:06 +00:00"
"https://www.taxvatpoint.com/vat-sd-rules-2016-in-bangla-rule-74-attachment-procedure-of-immovable-property-of-any-defaulting-taxpayer/","0","2024-12-25 07:04 +00:00"
"https://www.taxvatpoint.com/vat-sd-rules-2016-in-bangla-rule-75-issuance-of-order-for-seizure-of-moveable-property-or-attachment-of-immovable-property-of-any-defaulting-taxpayer/","0","2024-06-22 16:24 +00:00"
"https://www.taxvatpoint.com/vat-sd-rules-2016-in-bangla-rule-76-non-cooperation-or-resistance-in-keeping-the-business-premises-of-the-defaulting-taxpayer-under-lock-and-key-seizure-of-moveable-property-or-attachment-of-im/","0","2024-12-25 07:06 +00:00"
"https://www.taxvatpoint.com/vat-sd-rules-2016-in-bangla-rule-77-interest-expenses-charges-etc/","0","2024-12-25 07:09 +00:00"
"https://www.taxvatpoint.com/vat-sd-rules-2016-in-bangla-rule-78-property-that-cannot-be-attached-or-seized/","0","2024-12-25 07:08 +00:00"
"https://www.taxvatpoint.com/vat-sd-rules-2016-in-bangla-rule-79-suspension-of-decree/","0","2024-12-25 07:09 +00:00"
"https://www.taxvatpoint.com/vat-sd-rules-2016-in-bangla-rule-80-attachment-of-salary-of-employees/","0","2024-12-25 07:10 +00:00"
"https://www.taxvatpoint.com/vat-sd-rules-2016-in-bangla-rule-81-seizure-of-share-or-negotiable-instrument/","0","2024-12-25 07:20 +00:00"
"https://www.taxvatpoint.com/vat-sd-rules-2016-in-bangla-rule-82-attachment-or-seizure-of-property-under-the-supervision-of-bank-or-public-servant/","0","2024-12-25 07:18 +00:00"
"https://www.taxvatpoint.com/vat-sd-rules-2016-in-bangla-rule-83-attachment-or-seizure-of-a-jointly-owned-property/","0","2024-12-25 07:19 +00:00"
"https://www.taxvatpoint.com/vat-sd-rules-2016-in-bangla-rule-84-preparing-list-before-attaching-or-seizing-property/","0","2024-12-25 07:20 +00:00"
"https://www.taxvatpoint.com/vat-sd-rules-2016-in-bangla-rule-85-time-of-attachment-or-seizure-of-property/","0","2024-12-25 07:19 +00:00"
"https://www.taxvatpoint.com/vat-sd-rules-2016-in-bangla-rule-86-limitation-of-attachment-or-seizure-of-property/","0","2024-12-25 07:24 +00:00"
"https://www.taxvatpoint.com/vat-sd-rules-2016-in-bangla-rule-87-power-to-enter-into-the-property-for-attachment-or-seizure/","0","2024-12-25 07:24 +00:00"
"https://www.taxvatpoint.com/vat-sd-rules-2016-in-bangla-rule-88-assistance-from-government-nongovernment-officials-including-police-for-attaching-or-seizing-property/","0","2024-12-25 07:30 +00:00"
"https://www.taxvatpoint.com/vat-sd-rules-2016-in-bangla-rule-89-working-procedure-of-the-debt-recovery-officer-for-attachment-of-immovable-property-or-seizure-of-movable-property/","0","2024-12-25 07:26 +00:00"
"https://www.taxvatpoint.com/vat-sd-rules-2016-in-bangla-rule-90-procedure-of-selling-attached-immovable-property-or-seized-moveable-property-of-the-defaulting-taxpayer/","0","2025-06-13 14:20 +00:00"
"https://www.taxvatpoint.com/vat-sd-rules-2016-in-bangla-rule-91-withdrawal-of-the-certificate-issued-for-seizure-of-moveable-property-or-attachment-of-immoveable-property-of-the-defaulting-taxpayer/","0","2024-12-25 07:33 +00:00"
"https://www.taxvatpoint.com/vat-sd-rules-2016-in-bangla-rule-92-security-deposit-received-from-any-custodian-of-the-tax-defaulter/","0","2024-12-25 07:28 +00:00"
"https://www.taxvatpoint.com/vat-sd-rules-2016-in-bangla-rule-93-procedure-of-paying-taxes-by-the-receiver/","0","2024-12-25 07:30 +00:00"
"https://www.taxvatpoint.com/vat-sd-rules-2016-in-bangla-rule-94-payment-of-arrear-taxes-in-installments/","0","2024-12-25 07:36 +00:00"
"https://www.taxvatpoint.com/vat-sd-rules-2016-in-bangla-rule-95-maintenance-of-records-and-accounts/","0","2024-12-25 07:37 +00:00"
"https://www.taxvatpoint.com/vat-sd-rules-2016-in-bangla-rule-96-investigation-procedure-of-offense/","0","2024-12-25 07:35 +00:00"
"https://www.taxvatpoint.com/vat-sd-rules-2016-in-bangla-rule-97-procedure-for-compoundment-of-offense/","0","2024-12-25 07:33 +00:00"
"https://www.taxvatpoint.com/vat-sd-rules-2016-in-bangla-rule-98-appeal-to-the-commissioner-appeal-and-procedure-of-its-disposal/","0","2024-12-25 07:37 +00:00"
"https://www.taxvatpoint.com/vat-sd-rules-2016-in-bangla-rule-99-procedure-for-alternative-dispute-resolution/","0","2024-12-25 07:34 +00:00"
"https://www.taxvatpoint.com/vat-sd-rules-2016-in-bangla-rule-100-objection-against-the-facilitator/","0","2024-12-16 19:03 +00:00"
"https://www.taxvatpoint.com/vat-sd-rules-2016-in-bangla-rule-101-eligibility-of-the-facilitator-appointment-and-list/","0","2024-12-16 19:04 +00:00"
"https://www.taxvatpoint.com/vat-sd-rules-2016-in-bangla-rule-102-the-duties-and-responsibilities-of-the-facilitator/","0","2024-12-16 19:05 +00:00"
"https://www.taxvatpoint.com/vat-sd-rules-2016-in-bangla-rule-103-the-code-of-conduct-of-the-facilitator/","0","2024-12-16 19:05 +00:00"
"https://www.taxvatpoint.com/vat-sd-rules-2016-in-bangla-rule-104-conflict-of-interest/","0","2024-12-16 19:08 +00:00"
"https://www.taxvatpoint.com/vat-sd-rules-2016-in-bangla-rule-105-rights-and-responsibilities-of-the-applicant-in-case-of-alternative-dispute-resolution/","0","2024-12-16 19:08 +00:00"
"https://www.taxvatpoint.com/vat-sd-rules-2016-in-bangla-rule-106-nomination-of-departmental-representative-for-value-added-tax-department/","0","2024-12-16 03:19 +00:00"
"https://www.taxvatpoint.com/vat-sd-rules-2016-in-bangla-rule-107-honorarium-of-the-facilitator/","0","2024-12-16 19:07 +00:00"
"https://www.taxvatpoint.com/vat-sd-rules-2016-in-bangla-rule-108-preserving-rights/","0","2024-12-16 19:12 +00:00"
"https://www.taxvatpoint.com/vat-sd-rules-2016-in-bangla-rule-109-procedure-of-issuing-vat-consultant-license/","0","2025-06-13 14:31 +00:00"
"https://www.taxvatpoint.com/vat-sd-rules-2016-in-bangla-rule-110-eligibility-and-ineligibility-of-the-applicant-for-vat-consultant-license/","0","2024-12-25 05:14 +00:00"
"https://www.taxvatpoint.com/vat-sd-rules-2016-in-bangla-rule-111-required-documents-for-application/","0","2024-12-25 05:18 +00:00"
"https://www.taxvatpoint.com/vat-sd-rules-2016-in-bangla-rule-112-validity-and-renewal-of-vat-consultant-license/","0","2024-12-25 05:12 +00:00"
"https://www.taxvatpoint.com/vat-sd-rules-2016-in-bangla-rule-113-responsibilities-of-vat-consultant/","0","2024-12-25 05:16 +00:00"
"https://www.taxvatpoint.com/vat-sd-rules-2016-in-bangla-rule-114-offences-and-penalties-of-the-vat-consultant/","0","2024-12-25 05:17 +00:00"
"https://www.taxvatpoint.com/vat-sd-rules-2016-in-bangla-rule-115-attested-copies-of-documents/","0","2024-12-25 05:18 +00:00"
"https://www.taxvatpoint.com/vat-sd-rules-2016-in-bangla-rule-116-procedure-of-providing-vat-clearance-certificate-and-honor-card/","0","2024-12-25 05:22 +00:00"
"https://www.taxvatpoint.com/vat-sd-rules-2016-in-bangla-rule-117-use-of-vat-clearance-certificate-and-honor-card/","0","2024-12-25 05:26 +00:00"
"https://www.taxvatpoint.com/vat-sd-rules-2016-in-bangla-rule-118-adjustment-of-closing-balance-lying-with-current-account-register-mushak-18-under-value-added-tax-act-1991/","0","2024-12-25 05:25 +00:00"
"https://www.taxvatpoint.com/vat-sd-rules-2016-in-bangla-rule-118a-power-to-issue-order-notification-explanation-circular-clarification-etc/","0","2024-12-25 05:25 +00:00"
"https://www.taxvatpoint.com/vat-sd-rules-2016-in-bangla-rule-118b-declaration-of-temporary-abstention-from-giving-supply/","0","2024-12-25 05:28 +00:00"
"https://www.taxvatpoint.com/vat-sd-rules-2016-in-bangla-rule-118c-facilitate-production-of-capital-machinery-and-spare-parts-at-local-level/","0","2025-06-13 14:38 +00:00"
"https://www.taxvatpoint.com/vat-sd-rules-2016-in-bangla-rule-119-repeal-and-savings/","0","2024-12-25 05:30 +00:00"
"https://www.taxvatpoint.com/vat-sd-rules-2016-in-bangla-rule-2-definition-sub-rule-a-act/","0","2024-12-25 05:48 +00:00"
"https://www.taxvatpoint.com/vat-sd-rules-2016-in-bangla-rule-2-definition-sub-rule-b-import-value/","0","2025-06-13 12:31 +00:00"
"https://www.taxvatpoint.com/vat-sd-rules-2016-in-bangla-rule-2-definition-sub-rule-bb-contract-manufacturer/","0","2024-12-25 05:57 +00:00"
"https://www.taxvatpoint.com/vat-sd-rules-2016-in-bangla-rule-2-definition-sub-rule-c-turnover-tax-certificate/","0","2024-12-25 05:48 +00:00"
"https://www.taxvatpoint.com/vat-sd-rules-2016-in-bangla-rule-2-definition-sub-rule-d-enlisted-person/","0","2024-12-25 05:56 +00:00"
"https://www.taxvatpoint.com/vat-sd-rules-2016-in-bangla-rule-2-definition-sub-rule-e-section/","0","2024-12-25 05:51 +00:00"
"https://www.taxvatpoint.com/vat-sd-rules-2016-in-bangla-rule-2-definition-sub-rule-f-related-person/","0","2024-12-25 05:52 +00:00"
"https://www.taxvatpoint.com/vat-sd-rules-2016-in-bangla-rule-2-definition-sub-rule-ff-backward-linkage-industry/","0","2024-12-25 05:53 +00:00"
"https://www.taxvatpoint.com/vat-sd-rules-2016-in-bangla-rule-2-definition-sub-rule-g-representative/","0","2024-12-25 05:53 +00:00"
"https://www.taxvatpoint.com/vat-sd-rules-2016-in-bangla-rule-2-definition-sub-rule-gg-actual-exporter-or-exporter/","0","2024-12-25 05:54 +00:00"
"https://www.taxvatpoint.com/vat-sd-rules-2016-in-bangla-rule-2-definition-sub-rule-h-form/","0","2024-12-25 05:55 +00:00"
"https://www.taxvatpoint.com/vat-sd-rules-2016-in-bangla-rule-2-definition-sub-rule-i-bonded-warehouse-and-special-bonded-warehouse/","0","2025-06-13 12:33 +00:00"
"https://www.taxvatpoint.com/vat-sd-rules-2016-in-bangla-rule-2-definition-sub-rule-j-supply-under-barter-process/","0","2024-12-25 05:58 +00:00"
"https://www.taxvatpoint.com/vat-sd-rules-2016-in-bangla-rule-2-definition-sub-rule-k-bill-of-export/","0","2025-06-13 12:38 +00:00"
"https://www.taxvatpoint.com/vat-sd-rules-2016-in-bangla-rule-2-definition-sub-rule-kk-divisional-officer/","0","2024-12-25 06:04 +00:00"
"https://www.taxvatpoint.com/vat-sd-rules-2016-in-bangla-rule-2-definition-sub-rule-l-board/","0","2024-12-25 06:04 +00:00"
"https://www.taxvatpoint.com/vat-sd-rules-2016-in-bangla-rule-2-definition-sub-rule-m-individual/","0","2024-12-25 06:02 +00:00"
"https://www.taxvatpoint.com/vat-sd-rules-2016-in-bangla-rule-2-definition-sub-rule-n-bank-account/","0","2024-12-25 06:04 +00:00"
"https://www.taxvatpoint.com/vat-sd-rules-2016-in-bangla-rule-2-definition-sub-rule-o-vat-act/","0","2024-12-25 06:06 +00:00"
"https://www.taxvatpoint.com/vat-sd-rules-2016-in-bangla-rule-2-definition-sub-rule-p-vat-agent/","0","2024-12-25 06:07 +00:00"
"https://www.taxvatpoint.com/vat-sd-rules-2016-in-bangla-rule-2-definition-sub-rule-q-vat-registration-certificate/","0","2024-12-25 06:11 +00:00"
"https://www.taxvatpoint.com/vat-sd-rules-2016-in-bangla-rule-2-definition-sub-rule-qq-revenue-officer/","0","2024-12-25 06:06 +00:00"
"https://www.taxvatpoint.com/vat-sd-rules-2016-in-bangla-rule-2-definition-sub-rule-qqq-local-value-added-tax-office/","0","2024-12-25 06:12 +00:00"
"https://www.taxvatpoint.com/vat-sd-rules-2016-in-bangla-rule-2-definition-sub-rule-r-accounts-officer/","0","2024-12-25 06:13 +00:00"
"https://www.taxvatpoint.com/value-added-tax-vat-sro/","0","2024-04-01 18:15 +00:00"
"https://www.taxvatpoint.com/disclaimer/","0","2023-12-03 19:00 +00:00"
"https://www.taxvatpoint.com/vat-general-order/","0","2024-04-01 17:50 +00:00"
"https://www.taxvatpoint.com/vat-act-2012-english/","0","2024-04-08 19:38 +00:00"
"https://www.taxvatpoint.com/income-tax-act-2023-section-1/","0","2024-04-14 17:37 +00:00"
"https://www.taxvatpoint.com/income-tax-act-2023-section-2/","0","2024-05-18 15:16 +00:00"
"https://www.taxvatpoint.com/income-tax-act-2023-section-3/","0","2024-05-30 03:55 +00:00"
"https://www.taxvatpoint.com/income-tax-act-2023-section-4/","0","2024-05-29 15:46 +00:00"
"https://www.taxvatpoint.com/income-tax-act-2023-section-5/","0","2024-05-29 13:16 +00:00"
"https://www.taxvatpoint.com/income-tax-act-2023-section-6/","0","2024-05-28 18:33 +00:00"
"https://www.taxvatpoint.com/income-tax-act-2023-section-7/","0","2024-05-28 18:17 +00:00"
"https://www.taxvatpoint.com/income-tax-act-2023-section-8/","0","2024-05-28 03:46 +00:00"
"https://www.taxvatpoint.com/income-tax-act-2023-section-10/","0","2024-05-07 19:55 +00:00"
"https://www.taxvatpoint.com/income-tax-act-2023-section-9/","0","2024-05-27 13:16 +00:00"
"https://www.taxvatpoint.com/income-tax-act-2023-section-11/","0","2024-05-13 15:34 +00:00"
"https://www.taxvatpoint.com/income-tax-act-2023-section-12/","0","2024-05-13 16:29 +00:00"
"https://www.taxvatpoint.com/income-tax-act-2023-section-13/","0","2024-05-13 17:53 +00:00"
"https://www.taxvatpoint.com/income-tax-act-2023-section-14/","0","2024-05-13 18:22 +00:00"
"https://www.taxvatpoint.com/income-tax-act-2023-section-15/","0","2024-05-14 17:30 +00:00"
"https://www.taxvatpoint.com/income-tax-act-2023-section-16/","0","2024-05-14 17:56 +00:00"
"https://www.taxvatpoint.com/income-tax-act-2023-section-17/","0","2024-05-14 20:28 +00:00"
"https://www.taxvatpoint.com/income-tax-act-2023-section-18/","0","2024-05-15 15:09 +00:00"
"https://www.taxvatpoint.com/income-tax-act-2023-section-19/","0","2024-05-16 18:21 +00:00"
"https://www.taxvatpoint.com/income-tax-act-2023-section-20/","0","2024-05-25 19:29 +00:00"
"https://www.taxvatpoint.com/income-tax-act-2023-section-21/","0","2024-05-26 15:29 +00:00"
"https://www.taxvatpoint.com/income-tax-act-2023-section-22/","0","2024-05-26 14:16 +00:00"
"https://www.taxvatpoint.com/income-tax-act-2023-section-23/","0","2024-05-26 17:09 +00:00"
"https://www.taxvatpoint.com/income-tax-act-2023-section-25/","0","2024-05-26 18:06 +00:00"
"https://www.taxvatpoint.com/income-tax-act-2023-section-24/","0","2024-05-26 17:26 +00:00"
"https://www.taxvatpoint.com/income-tax-act-2023-section-26/","0","2024-05-28 14:57 +00:00"
"https://www.taxvatpoint.com/income-tax-act-2023-section-27/","0","2024-05-28 17:12 +00:00"
"https://www.taxvatpoint.com/income-tax-act-2023-section-28/","0","2024-05-28 15:53 +00:00"
"https://www.taxvatpoint.com/income-tax-act-2023-section-29/","0","2024-05-30 15:39 +00:00"
"https://www.taxvatpoint.com/income-tax-act-2023-section-30/","0","2024-05-30 03:56 +00:00"
"https://www.taxvatpoint.com/income-tax-act-2023-section-31/","0","2024-05-30 05:30 +00:00"
"https://www.taxvatpoint.com/income-tax-act-2023-section-32/","0","2024-05-29 17:28 +00:00"
"https://www.taxvatpoint.com/income-tax-act-2023-section-33/","0","2024-05-29 18:27 +00:00"
"https://www.taxvatpoint.com/income-tax-act-2023-section-34/","0","2024-04-12 19:41 +00:00"
"https://www.taxvatpoint.com/income-tax-act-2023-section-35/","0","2024-05-29 15:46 +00:00"
"https://www.taxvatpoint.com/income-tax-act-2023-section-36/","0","2024-05-29 15:46 +00:00"
"https://www.taxvatpoint.com/income-tax-act-2023-section-37/","0","2024-05-29 15:46 +00:00"
"https://www.taxvatpoint.com/income-tax-act-2023-section-38/","0","2024-05-29 15:46 +00:00"
"https://www.taxvatpoint.com/income-tax-act-2023-section-39/","0","2024-05-29 15:46 +00:00"
"https://www.taxvatpoint.com/income-tax-act-2023-section-40/","0","2024-05-29 16:06 +00:00"
"https://www.taxvatpoint.com/income-tax-act-2023-section-41/","0","2024-05-29 16:28 +00:00"
"https://www.taxvatpoint.com/income-tax-act-2023-section-42/","0","2024-05-29 13:16 +00:00"
"https://www.taxvatpoint.com/income-tax-act-2023-section-43/","0","2024-05-29 13:16 +00:00"
"https://www.taxvatpoint.com/income-tax-act-2023-section-44/","0","2024-05-29 13:18 +00:00"
"https://www.taxvatpoint.com/income-tax-act-2023-section-46/","0","2024-05-29 13:34 +00:00"
"https://www.taxvatpoint.com/income-tax-act-2023-section-47/","0","2024-05-29 13:17 +00:00"
"https://www.taxvatpoint.com/income-tax-act-2023-section-48/","0","2024-05-29 13:18 +00:00"
"https://www.taxvatpoint.com/income-tax-act-2023-section-49/","0","2024-05-29 13:17 +00:00"
"https://www.taxvatpoint.com/income-tax-act-2023-section-50/","0","2024-05-29 13:17 +00:00"
"https://www.taxvatpoint.com/income-tax-act-2023-section-45/","0","2024-05-29 13:18 +00:00"
"https://www.taxvatpoint.com/income-tax-act-2023-section-51/","0","2024-05-29 13:18 +00:00"
"https://www.taxvatpoint.com/income-tax-act-2023-section-52/","0","2024-05-29 13:48 +00:00"
"https://www.taxvatpoint.com/income-tax-act-2023-section-53/","0","2024-05-29 13:18 +00:00"
"https://www.taxvatpoint.com/income-tax-act-2023-section-54/","0","2024-05-29 13:33 +00:00"
"https://www.taxvatpoint.com/income-tax-act-2023-section-55/","0","2024-05-29 15:08 +00:00"
"https://www.taxvatpoint.com/income-tax-act-2023-section-56/","0","2024-05-29 13:48 +00:00"
"https://www.taxvatpoint.com/income-tax-act-2023-section-57/","0","2024-05-29 13:48 +00:00"
"https://www.taxvatpoint.com/income-tax-act-2023-section-58/","0","2024-05-29 13:34 +00:00"
"https://www.taxvatpoint.com/income-tax-act-2023-section-59/","0","2024-05-29 13:49 +00:00"
"https://www.taxvatpoint.com/income-tax-act-2023-section-60/","0","2024-05-28 17:06 +00:00"
"https://www.taxvatpoint.com/income-tax-act-2023-section-61/","0","2024-05-28 17:06 +00:00"
"https://www.taxvatpoint.com/income-tax-act-2023-section-62/","0","2024-05-28 17:20 +00:00"
"https://www.taxvatpoint.com/income-tax-act-2023-section-63/","0","2024-05-28 17:21 +00:00"
"https://www.taxvatpoint.com/income-tax-act-2023-section-64/","0","2024-05-28 17:23 +00:00"
"https://www.taxvatpoint.com/income-tax-act-2023-section-65/","0","2024-05-28 17:31 +00:00"
"https://www.taxvatpoint.com/income-tax-act-2023-section-66/","0","2024-05-28 18:18 +00:00"
"https://www.taxvatpoint.com/income-tax-act-2023-section-67/","0","2024-05-28 17:59 +00:00"
"https://www.taxvatpoint.com/income-tax-act-2023-section-68/","0","2024-05-28 18:19 +00:00"
"https://www.taxvatpoint.com/income-tax-act-2023-section-69/","0","2024-05-28 17:39 +00:00"
"https://www.taxvatpoint.com/income-tax-act-2023-section-70/","0","2024-05-28 17:07 +00:00"
"https://www.taxvatpoint.com/income-tax-act-2023-section-71/","0","2024-05-28 17:22 +00:00"
"https://www.taxvatpoint.com/income-tax-act-2023-section-72/","0","2024-05-28 17:59 +00:00"
"https://www.taxvatpoint.com/income-tax-act-2023-section-73/","0","2024-05-28 18:19 +00:00"
"https://www.taxvatpoint.com/income-tax-act-2023-section-74/","0","2024-05-28 18:18 +00:00"
"https://www.taxvatpoint.com/income-tax-act-2023-section-75/","0","2024-05-28 17:59 +00:00"
"https://www.taxvatpoint.com/income-tax-act-2023-section-76/","0","2024-05-28 18:17 +00:00"
"https://www.taxvatpoint.com/income-tax-act-2023-section-77/","0","2024-05-28 18:24 +00:00"
"https://www.taxvatpoint.com/income-tax-act-2023-section-78/","0","2024-05-28 18:18 +00:00"
"https://www.taxvatpoint.com/income-tax-act-2023-section-79/","0","2024-05-28 04:01 +00:00"
"https://www.taxvatpoint.com/income-tax-act-2023-section-80/","0","2024-05-28 03:46 +00:00"
"https://www.taxvatpoint.com/income-tax-act-2023-section-81/","0","2024-05-28 03:52 +00:00"
"https://www.taxvatpoint.com/income-tax-act-2023-section-82/","0","2024-05-28 03:46 +00:00"
"https://www.taxvatpoint.com/income-tax-act-2023-section-83/","0","2024-05-28 03:35 +00:00"
"https://www.taxvatpoint.com/income-tax-act-2023-section-84/","0","2024-05-28 03:46 +00:00"
"https://www.taxvatpoint.com/income-tax-act-2023-section-85/","0","2024-05-28 03:46 +00:00"
"https://www.taxvatpoint.com/income-tax-act-2023-section-86/","0","2024-05-28 03:46 +00:00"
"https://www.taxvatpoint.com/income-tax-act-2023-section-87/","0","2024-05-28 03:39 +00:00"
"https://www.taxvatpoint.com/income-tax-act-2023-section-88/","0","2024-05-28 03:46 +00:00"
"https://www.taxvatpoint.com/income-tax-act-2023-section-89/","0","2024-05-28 03:52 +00:00"
"https://www.taxvatpoint.com/income-tax-act-2023-section-90/","0","2024-05-27 13:04 +00:00"
"https://www.taxvatpoint.com/income-tax-act-2023-section-91/","0","2024-05-28 03:16 +00:00"
"https://www.taxvatpoint.com/income-tax-act-2023-section-92/","0","2024-05-28 03:16 +00:00"
"https://www.taxvatpoint.com/income-tax-act-2023-section-93/","0","2024-05-27 12:59 +00:00"
"https://www.taxvatpoint.com/income-tax-act-2023-section-94/","0","2024-05-27 13:17 +00:00"
"https://www.taxvatpoint.com/income-tax-act-2023-section-95/","0","2024-05-28 03:13 +00:00"
"https://www.taxvatpoint.com/income-tax-act-2023-section-96/","0","2024-05-28 03:16 +00:00"
"https://www.taxvatpoint.com/income-tax-act-2023-section-97/","0","2024-05-27 13:17 +00:00"
"https://www.taxvatpoint.com/income-tax-act-2023-section-99/","0","2024-05-27 13:17 +00:00"
"https://www.taxvatpoint.com/income-tax-act-2023-section-98/","0","2024-05-27 13:17 +00:00"
"https://www.taxvatpoint.com/income-tax-act-2023-section-100/","0","2024-05-07 20:02 +00:00"
"https://www.taxvatpoint.com/income-tax-act-2023-section-101/","0","2024-05-12 16:28 +00:00"
"https://www.taxvatpoint.com/income-tax-act-2023-section-102/","0","2024-05-12 18:20 +00:00"
"https://www.taxvatpoint.com/income-tax-act-2023-section-103/","0","2024-05-12 18:39 +00:00"
"https://www.taxvatpoint.com/income-tax-act-2023-section-104/","0","2024-05-12 18:50 +00:00"
"https://www.taxvatpoint.com/income-tax-act-2023-section-105/","0","2024-05-12 19:27 +00:00"
"https://www.taxvatpoint.com/income-tax-act-2023-section-106/","0","2024-05-13 15:33 +00:00"
"https://www.taxvatpoint.com/income-tax-act-2023-section-107/","0","2024-05-13 15:33 +00:00"
"https://www.taxvatpoint.com/income-tax-act-2023-section-108/","0","2024-05-13 15:34 +00:00"
"https://www.taxvatpoint.com/income-tax-act-2023-section-110/","0","2024-05-13 15:54 +00:00"
"https://www.taxvatpoint.com/income-tax-act-2023-section-109/","0","2024-05-13 15:35 +00:00"
"https://www.taxvatpoint.com/income-tax-act-2023-section-111/","0","2024-05-13 16:00 +00:00"
"https://www.taxvatpoint.com/income-tax-act-2023-section-112/","0","2024-05-13 15:59 +00:00"
"https://www.taxvatpoint.com/income-tax-act-2023-section-113/","0","2024-05-13 15:59 +00:00"
"https://www.taxvatpoint.com/income-tax-act-2023-section-114/","0","2024-05-13 15:58 +00:00"
"https://www.taxvatpoint.com/income-tax-act-2023-section-115/","0","2024-05-13 15:59 +00:00"
"https://www.taxvatpoint.com/income-tax-act-2023-section-118/","0","2024-05-13 16:27 +00:00"
"https://www.taxvatpoint.com/income-tax-act-2023-section-116/","0","2024-05-13 16:22 +00:00"
"https://www.taxvatpoint.com/income-tax-act-2023-section-117/","0","2024-05-13 16:27 +00:00"
"https://www.taxvatpoint.com/income-tax-act-2023-section-119/","0","2024-05-13 16:27 +00:00"
"https://www.taxvatpoint.com/income-tax-act-2023-section-120/","0","2024-05-13 16:27 +00:00"
"https://www.taxvatpoint.com/income-tax-act-2023-section-121/","0","2024-05-13 17:14 +00:00"
"https://www.taxvatpoint.com/income-tax-act-2023-section-123/","0","2024-05-13 17:23 +00:00"
"https://www.taxvatpoint.com/income-tax-act-2023-section-122/","0","2024-05-13 17:03 +00:00"
"https://www.taxvatpoint.com/income-tax-act-2023-section-124/","0","2024-05-13 16:40 +00:00"
"https://www.taxvatpoint.com/income-tax-act-2023-section-125/","0","2024-05-13 16:52 +00:00"
"https://www.taxvatpoint.com/income-tax-act-2023-section-126/","0","2024-05-13 16:51 +00:00"
"https://www.taxvatpoint.com/income-tax-act-2023-section-127/","0","2024-05-13 17:14 +00:00"
"https://www.taxvatpoint.com/income-tax-act-2023-section-129/","0","2024-05-13 17:18 +00:00"
"https://www.taxvatpoint.com/income-tax-act-2023-section-128/","0","2024-05-13 17:17 +00:00"
"https://www.taxvatpoint.com/income-tax-act-2023-section-130/","0","2024-05-13 17:31 +00:00"
"https://www.taxvatpoint.com/income-tax-act-2023-section-131/","0","2024-05-13 17:49 +00:00"
"https://www.taxvatpoint.com/income-tax-act-2023-section-132/","0","2024-05-13 17:48 +00:00"
"https://www.taxvatpoint.com/income-tax-act-2023-section-133/","0","2024-05-13 17:49 +00:00"
"https://www.taxvatpoint.com/income-tax-act-2023-section-134/","0","2024-05-13 17:49 +00:00"
"https://www.taxvatpoint.com/income-tax-act-2023-section-135/","0","2024-05-13 17:53 +00:00"
"https://www.taxvatpoint.com/income-tax-act-2023-section-136/","0","2024-05-13 18:26 +00:00"
"https://www.taxvatpoint.com/income-tax-act-2023-section-137/","0","2024-05-13 18:29 +00:00"
"https://www.taxvatpoint.com/income-tax-act-2023-section-138/","0","2024-05-13 18:30 +00:00"
"https://www.taxvatpoint.com/income-tax-act-2023-section-139/","0","2024-05-13 18:32 +00:00"
"https://www.taxvatpoint.com/income-tax-act-2023-section-140/","0","2024-05-13 18:36 +00:00"
"https://www.taxvatpoint.com/income-tax-act-2023-section-141/","0","2024-05-14 17:19 +00:00"
"https://www.taxvatpoint.com/income-tax-act-2023-section-142/","0","2024-05-14 17:05 +00:00"
"https://www.taxvatpoint.com/income-tax-act-2023-section-143/","0","2024-05-14 17:05 +00:00"
"https://www.taxvatpoint.com/income-tax-act-2023-section-144/","0","2024-05-14 17:10 +00:00"
"https://www.taxvatpoint.com/income-tax-act-2023-section-146/","0","2024-05-14 17:08 +00:00"
"https://www.taxvatpoint.com/income-tax-act-2023-section-145/","0","2024-05-14 17:06 +00:00"
"https://www.taxvatpoint.com/income-tax-act-2023-section-147/","0","2024-05-14 17:16 +00:00"
"https://www.taxvatpoint.com/income-tax-act-2023-section-149/","0","2024-05-14 17:25 +00:00"
"https://www.taxvatpoint.com/income-tax-act-2023-section-148/","0","2024-05-14 17:12 +00:00"
"https://www.taxvatpoint.com/income-tax-act-2023-section-150/","0","2024-05-14 17:26 +00:00"
"https://www.taxvatpoint.com/income-tax-act-2023-section-151/","0","2024-05-14 17:25 +00:00"
"https://www.taxvatpoint.com/income-tax-act-2023-section-152/","0","2024-05-14 17:42 +00:00"
"https://www.taxvatpoint.com/income-tax-act-2023-section-153/","0","2024-05-14 17:54 +00:00"
"https://www.taxvatpoint.com/income-tax-act-2023-section-154/","0","2024-05-14 17:39 +00:00"
"https://www.taxvatpoint.com/income-tax-act-2023-section-155/","0","2024-05-14 17:43 +00:00"
"https://www.taxvatpoint.com/income-tax-act-2023-section-156/","0","2024-05-14 17:37 +00:00"
"https://www.taxvatpoint.com/income-tax-act-2023-section-157/","0","2024-05-14 17:59 +00:00"
"https://www.taxvatpoint.com/income-tax-act-2023-section-158/","0","2024-05-14 17:48 +00:00"
"https://www.taxvatpoint.com/income-tax-act-2023-section-159/","0","2024-05-14 17:53 +00:00"
"https://www.taxvatpoint.com/income-tax-act-2023-section-160/","0","2024-05-14 17:54 +00:00"
"https://www.taxvatpoint.com/income-tax-act-2023-section-161/","0","2024-05-14 18:13 +00:00"
"https://www.taxvatpoint.com/income-tax-act-2023-section-162/","0","2024-05-14 18:11 +00:00"
"https://www.taxvatpoint.com/income-tax-act-2023-section-163/","0","2024-05-14 18:12 +00:00"
"https://www.taxvatpoint.com/income-tax-act-2023-section-164/","0","2024-05-14 18:35 +00:00"
"https://www.taxvatpoint.com/income-tax-act-2023-section-165/","0","2024-05-14 18:46 +00:00"
"https://www.taxvatpoint.com/income-tax-act-2023-section-167/","0","2024-05-14 20:16 +00:00"
"https://www.taxvatpoint.com/income-tax-act-2023-section-166/","0","2024-05-14 18:55 +00:00"
"https://www.taxvatpoint.com/income-tax-act-2023-section-168/","0","2024-05-14 20:20 +00:00"
"https://www.taxvatpoint.com/income-tax-act-2023-section-169/","0","2024-05-14 20:22 +00:00"
"https://www.taxvatpoint.com/income-tax-act-2023-section-170/","0","2024-05-14 20:23 +00:00"
"https://www.taxvatpoint.com/income-tax-act-2023-section-171/","0","2024-05-15 14:27 +00:00"
"https://www.taxvatpoint.com/income-tax-act-2023-section-172/","0","2024-05-15 14:29 +00:00"
"https://www.taxvatpoint.com/income-tax-act-2023-section-174/","0","2024-05-15 14:31 +00:00"
"https://www.taxvatpoint.com/income-tax-act-2023-section-173/","0","2024-05-15 14:29 +00:00"
"https://www.taxvatpoint.com/income-tax-act-2023-section-175/","0","2024-05-15 14:32 +00:00"
"https://www.taxvatpoint.com/income-tax-act-2023-section-176/","0","2024-05-15 14:46 +00:00"
"https://www.taxvatpoint.com/income-tax-act-2023-section-177/","0","2024-05-15 14:47 +00:00"
"https://www.taxvatpoint.com/income-tax-act-2023-section-178/","0","2024-05-15 15:00 +00:00"
"https://www.taxvatpoint.com/income-tax-act-2023-section-179/","0","2024-05-15 15:02 +00:00"
"https://www.taxvatpoint.com/income-tax-act-2023-section-180/","0","2024-05-15 15:08 +00:00"
"https://www.taxvatpoint.com/income-tax-act-2023-section-181/","0","2024-05-16 16:40 +00:00"
"https://www.taxvatpoint.com/income-tax-act-2023-section-182/","0","2024-05-16 15:57 +00:00"
"https://www.taxvatpoint.com/income-tax-act-2023-section-183/","0","2024-05-16 16:41 +00:00"
"https://www.taxvatpoint.com/income-tax-act-2023-section-185/","0","2024-05-16 16:41 +00:00"
"https://www.taxvatpoint.com/income-tax-act-2023-section-184/","0","2024-05-16 16:41 +00:00"
"https://www.taxvatpoint.com/income-tax-act-2023-section-186/","0","2024-05-16 17:45 +00:00"
"https://www.taxvatpoint.com/income-tax-act-2023-section-187/","0","2024-05-16 19:10 +00:00"
"https://www.taxvatpoint.com/income-tax-act-2023-section-188/","0","2024-05-16 18:20 +00:00"
"https://www.taxvatpoint.com/income-tax-act-2023-section-189/","0","2024-05-16 18:21 +00:00"
"https://www.taxvatpoint.com/income-tax-act-2023-section-190/","0","2024-05-16 17:59 +00:00"
"https://www.taxvatpoint.com/income-tax-act-2023-section-191/","0","2024-05-17 18:15 +00:00"
"https://www.taxvatpoint.com/income-tax-act-2023-section-193/","0","2024-05-17 18:38 +00:00"
"https://www.taxvatpoint.com/income-tax-act-2023-section-192/","0","2024-05-17 18:00 +00:00"
"https://www.taxvatpoint.com/income-tax-act-2023-section-194/","0","2024-05-17 18:38 +00:00"
"https://www.taxvatpoint.com/income-tax-act-2023-section-195/","0","2024-05-17 18:15 +00:00"
"https://www.taxvatpoint.com/income-tax-act-2023-section-196/","0","2024-05-17 18:38 +00:00"
"https://www.taxvatpoint.com/income-tax-act-2023-section-197/","0","2024-05-17 19:06 +00:00"
"https://www.taxvatpoint.com/income-tax-act-2023-section-198/","0","2024-05-17 18:24 +00:00"
"https://www.taxvatpoint.com/income-tax-act-2023-section-199/","0","2024-05-17 18:53 +00:00"
"https://www.taxvatpoint.com/income-tax-act-2023-section-200/","0","2024-05-25 19:05 +00:00"
"https://www.taxvatpoint.com/income-tax-act-2023-section-201/","0","2024-05-25 19:31 +00:00"
"https://www.taxvatpoint.com/income-tax-act-2023-section-202/","0","2024-05-25 18:43 +00:00"
"https://www.taxvatpoint.com/income-tax-act-2023-section-203/","0","2024-05-25 19:31 +00:00"
"https://www.taxvatpoint.com/income-tax-act-2023-section-204/","0","2024-05-25 19:31 +00:00"
"https://www.taxvatpoint.com/income-tax-act-2023-section-205/","0","2024-05-25 18:59 +00:00"
"https://www.taxvatpoint.com/income-tax-act-2023-section-207/","0","2024-05-26 04:49 +00:00"
"https://www.taxvatpoint.com/income-tax-act-2023-section-206/","0","2024-05-25 18:59 +00:00"
"https://www.taxvatpoint.com/income-tax-act-2023-section-208/","0","2024-05-25 19:04 +00:00"
"https://www.taxvatpoint.com/income-tax-act-2023-section-209/","0","2024-05-26 13:56 +00:00"
"https://www.taxvatpoint.com/income-tax-act-2023-section-211/","0","2024-05-26 13:58 +00:00"
"https://www.taxvatpoint.com/income-tax-act-2023-section-210/","0","2024-05-26 13:57 +00:00"
"https://www.taxvatpoint.com/income-tax-act-2023-section-212/","0","2024-05-26 13:58 +00:00"
"https://www.taxvatpoint.com/income-tax-act-2023-section-213/","0","2024-05-26 13:58 +00:00"
"https://www.taxvatpoint.com/income-tax-act-2023-section-214/","0","2024-05-26 13:58 +00:00"
"https://www.taxvatpoint.com/income-tax-act-2023-section-215/","0","2024-05-26 13:59 +00:00"
"https://www.taxvatpoint.com/income-tax-act-2023-section-217/","0","2024-05-26 14:38 +00:00"
"https://www.taxvatpoint.com/income-tax-act-2023-section-216/","0","2024-05-26 13:59 +00:00"
"https://www.taxvatpoint.com/income-tax-act-2023-section-218/","0","2024-05-26 13:59 +00:00"
"https://www.taxvatpoint.com/income-tax-act-2023-section-219/","0","2024-05-26 14:00 +00:00"
"https://www.taxvatpoint.com/income-tax-act-2023-section-220/","0","2024-05-26 14:01 +00:00"
"https://www.taxvatpoint.com/income-tax-act-2023-section-221/","0","2024-05-26 15:48 +00:00"
"https://www.taxvatpoint.com/income-tax-act-2023-section-222/","0","2024-05-26 17:26 +00:00"
"https://www.taxvatpoint.com/income-tax-act-2023-section-223/","0","2024-05-26 15:50 +00:00"
"https://www.taxvatpoint.com/income-tax-act-2023-section-224/","0","2024-05-26 15:55 +00:00"
"https://www.taxvatpoint.com/income-tax-act-2023-section-226/","0","2024-05-26 16:07 +00:00"
"https://www.taxvatpoint.com/income-tax-act-2023-section-225/","0","2024-05-26 16:00 +00:00"
"https://www.taxvatpoint.com/income-tax-act-2023-section-227/","0","2024-05-26 17:33 +00:00"
"https://www.taxvatpoint.com/income-tax-act-2023-section-228/","0","2024-05-26 17:24 +00:00"
"https://www.taxvatpoint.com/income-tax-act-2023-section-229/","0","2024-05-26 17:24 +00:00"
"https://www.taxvatpoint.com/income-tax-act-2023-section-231/","0","2024-05-26 17:24 +00:00"
"https://www.taxvatpoint.com/income-tax-act-2023-section-230/","0","2024-05-26 17:24 +00:00"
"https://www.taxvatpoint.com/income-tax-act-2023-section-232/","0","2024-05-26 17:25 +00:00"
"https://www.taxvatpoint.com/income-tax-act-2023-section-233/","0","2024-05-26 17:26 +00:00"
"https://www.taxvatpoint.com/income-tax-act-2023-section-234/","0","2024-05-26 17:25 +00:00"
"https://www.taxvatpoint.com/income-tax-act-2023-section-235/","0","2024-05-26 17:25 +00:00"
"https://www.taxvatpoint.com/income-tax-act-2023-section-236/","0","2024-05-26 17:25 +00:00"
"https://www.taxvatpoint.com/income-tax-act-2023-section-237/","0","2024-05-26 17:25 +00:00"
"https://www.taxvatpoint.com/income-tax-act-2023-section-238/","0","2024-05-26 17:25 +00:00"
"https://www.taxvatpoint.com/income-tax-act-2023-section-239/","0","2024-05-26 17:26 +00:00"
"https://www.taxvatpoint.com/income-tax-act-2023-section-240/","0","2024-05-26 17:26 +00:00"
"https://www.taxvatpoint.com/income-tax-act-2023-section-241/","0","2024-05-26 18:11 +00:00"
"https://www.taxvatpoint.com/income-tax-act-2023-section-242/","0","2024-05-26 18:06 +00:00"
"https://www.taxvatpoint.com/income-tax-act-2023-section-243/","0","2024-05-26 18:06 +00:00"
"https://www.taxvatpoint.com/income-tax-act-2023-section-244/","0","2024-05-26 18:11 +00:00"
"https://www.taxvatpoint.com/income-tax-act-2023-section-245/","0","2024-05-26 18:05 +00:00"
"https://www.taxvatpoint.com/income-tax-act-2023-section-246/","0","2024-05-26 18:11 +00:00"
"https://www.taxvatpoint.com/income-tax-act-2023-section-247/","0","2024-05-26 18:07 +00:00"
"https://www.taxvatpoint.com/income-tax-act-2023-section-248/","0","2024-05-26 18:05 +00:00"
"https://www.taxvatpoint.com/income-tax-act-2023-section-249/","0","2024-05-26 18:05 +00:00"
"https://www.taxvatpoint.com/income-tax-act-2023-section-250/","0","2024-05-26 18:11 +00:00"
"https://www.taxvatpoint.com/income-tax-act-2023-section-251/","0","2024-05-28 13:21 +00:00"
"https://www.taxvatpoint.com/income-tax-act-2023-section-252/","0","2024-05-28 13:23 +00:00"
"https://www.taxvatpoint.com/income-tax-act-2023-section-253/","0","2024-05-28 13:24 +00:00"
"https://www.taxvatpoint.com/income-tax-act-2023-section-254/","0","2024-05-28 13:25 +00:00"
"https://www.taxvatpoint.com/income-tax-act-2023-section-255/","0","2024-05-28 13:27 +00:00"
"https://www.taxvatpoint.com/income-tax-act-2023-section-256/","0","2024-05-28 13:28 +00:00"
"https://www.taxvatpoint.com/income-tax-act-2023-section-257/","0","2024-05-28 13:29 +00:00"
"https://www.taxvatpoint.com/income-tax-act-2023-section-258/","0","2024-05-28 13:30 +00:00"
"https://www.taxvatpoint.com/income-tax-act-2023-section-259/","0","2024-05-28 13:31 +00:00"
"https://www.taxvatpoint.com/income-tax-act-2023-section-260/","0","2024-05-28 14:59 +00:00"
"https://www.taxvatpoint.com/income-tax-act-2023-section-261/","0","2024-05-28 14:57 +00:00"
"https://www.taxvatpoint.com/income-tax-act-2023-section-262/","0","2024-05-28 13:39 +00:00"
"https://www.taxvatpoint.com/income-tax-act-2023-section-263/","0","2024-05-28 17:11 +00:00"
"https://www.taxvatpoint.com/income-tax-act-2023-section-264/","0","2024-05-28 17:09 +00:00"
"https://www.taxvatpoint.com/income-tax-act-2023-section-265/","0","2024-05-28 16:02 +00:00"
"https://www.taxvatpoint.com/income-tax-act-2023-section-266/","0","2024-05-28 16:11 +00:00"
"https://www.taxvatpoint.com/income-tax-act-2023-section-267/","0","2024-05-28 17:14 +00:00"
"https://www.taxvatpoint.com/income-tax-act-2023-section-268/","0","2024-05-28 17:10 +00:00"
"https://www.taxvatpoint.com/income-tax-act-2023-section-269/","0","2024-05-28 16:51 +00:00"
"https://www.taxvatpoint.com/income-tax-act-2023-section-270/","0","2024-05-28 16:13 +00:00"
"https://www.taxvatpoint.com/income-tax-act-2023-section-271/","0","2024-05-28 17:18 +00:00"
"https://www.taxvatpoint.com/income-tax-act-2023-section-272/","0","2024-05-28 16:14 +00:00"
"https://www.taxvatpoint.com/income-tax-act-2023-section-273/","0","2024-05-28 16:48 +00:00"
"https://www.taxvatpoint.com/income-tax-act-2023-section-274/","0","2024-05-28 16:10 +00:00"
"https://www.taxvatpoint.com/income-tax-act-2023-section-275/","0","2024-05-28 16:49 +00:00"
"https://www.taxvatpoint.com/income-tax-act-2023-section-276/","0","2024-05-28 17:30 +00:00"
"https://www.taxvatpoint.com/income-tax-act-2023-section-277/","0","2024-06-03 15:41 +00:00"
"https://www.taxvatpoint.com/income-tax-act-2023-section-278/","0","2024-06-03 15:46 +00:00"
"https://www.taxvatpoint.com/income-tax-act-2023-section-279/","0","2024-06-03 15:31 +00:00"
"https://www.taxvatpoint.com/income-tax-act-2023-section-280/","0","2024-06-03 15:47 +00:00"
"https://www.taxvatpoint.com/income-tax-act-2023-section-281/","0","2024-06-03 16:13 +00:00"
"https://www.taxvatpoint.com/income-tax-act-2023-section-282/","0","2024-06-03 16:14 +00:00"
"https://www.taxvatpoint.com/income-tax-act-2023-section-283/","0","2024-06-03 16:14 +00:00"
"https://www.taxvatpoint.com/income-tax-act-2023-section-284/","0","2024-05-30 14:49 +00:00"
"https://www.taxvatpoint.com/income-tax-act-2023-section-285/","0","2024-06-03 16:16 +00:00"
"https://www.taxvatpoint.com/income-tax-act-2023-section-286/","0","2024-05-30 14:49 +00:00"
"https://www.taxvatpoint.com/income-tax-act-2023-section-287/","0","2024-05-30 14:49 +00:00"
"https://www.taxvatpoint.com/income-tax-act-2023-section-288/","0","2024-06-03 15:45 +00:00"
"https://www.taxvatpoint.com/income-tax-act-2023-section-289/","0","2024-06-03 15:45 +00:00"
"https://www.taxvatpoint.com/income-tax-act-2023-section-290/","0","2024-06-03 16:18 +00:00"
"https://www.taxvatpoint.com/income-tax-act-2023-section-291/","0","2024-05-30 15:17 +00:00"
"https://www.taxvatpoint.com/income-tax-act-2023-section-292/","0","2024-05-30 15:17 +00:00"
"https://www.taxvatpoint.com/income-tax-act-2023-section-293/","0","2024-05-30 15:17 +00:00"
"https://www.taxvatpoint.com/income-tax-act-2023-section-294/","0","2024-05-30 15:41 +00:00"
"https://www.taxvatpoint.com/income-tax-act-2023-section-295/","0","2024-05-30 15:39 +00:00"
"https://www.taxvatpoint.com/income-tax-act-2023-section-296/","0","2024-05-30 15:41 +00:00"
"https://www.taxvatpoint.com/income-tax-act-2023-section-297/","0","2024-05-30 15:40 +00:00"
"https://www.taxvatpoint.com/income-tax-act-2023-section-298/","0","2024-05-30 15:40 +00:00"
"https://www.taxvatpoint.com/income-tax-act-2023-section-299/","0","2024-05-30 15:41 +00:00"
"https://www.taxvatpoint.com/income-tax-act-2023-section-300/","0","2024-05-30 03:56 +00:00"
"https://www.taxvatpoint.com/income-tax-act-2023-section-301/","0","2024-05-30 03:56 +00:00"
"https://www.taxvatpoint.com/income-tax-act-2023-section-302/","0","2024-05-30 03:56 +00:00"
"https://www.taxvatpoint.com/income-tax-act-2023-section-303/","0","2024-05-30 03:56 +00:00"
"https://www.taxvatpoint.com/income-tax-act-2023-section-304/","0","2024-05-30 03:56 +00:00"
"https://www.taxvatpoint.com/income-tax-act-2023-section-305/","0","2024-05-30 03:56 +00:00"
"https://www.taxvatpoint.com/income-tax-act-2023-section-306/","0","2024-04-14 06:50 +00:00"
"https://www.taxvatpoint.com/income-tax-act-2023-section-307/","0","2024-05-30 04:47 +00:00"
"https://www.taxvatpoint.com/income-tax-act-2023-section-310/","0","2024-05-30 04:52 +00:00"
"https://www.taxvatpoint.com/income-tax-act-2023-section-309/","0","2024-05-30 04:52 +00:00"
"https://www.taxvatpoint.com/income-tax-act-2023-section-311/","0","2024-05-30 04:48 +00:00"
"https://www.taxvatpoint.com/income-tax-act-2023-section-312/","0","2024-05-30 04:48 +00:00"
"https://www.taxvatpoint.com/income-tax-act-2023-section-308/","0","2024-05-30 04:47 +00:00"
"https://www.taxvatpoint.com/income-tax-act-2023-section-313/","0","2024-05-30 05:31 +00:00"
"https://www.taxvatpoint.com/income-tax-act-2023-section-314/","0","2024-05-30 05:31 +00:00"
"https://www.taxvatpoint.com/income-tax-act-2023-section-315/","0","2024-05-30 06:20 +00:00"
"https://www.taxvatpoint.com/income-tax-act-2023-section-316/","0","2024-05-30 05:35 +00:00"
"https://www.taxvatpoint.com/income-tax-act-2023-section-317/","0","2024-05-29 17:32 +00:00"
"https://www.taxvatpoint.com/income-tax-act-2023-section-318/","0","2024-05-29 17:28 +00:00"
"https://www.taxvatpoint.com/income-tax-act-2023-section-319/","0","2024-05-29 17:28 +00:00"
"https://www.taxvatpoint.com/income-tax-act-2023-section-320/","0","2024-05-29 18:22 +00:00"
"https://www.taxvatpoint.com/income-tax-act-2023-section-321/","0","2024-05-29 17:31 +00:00"
"https://www.taxvatpoint.com/income-tax-act-2023-section-322/","0","2024-05-29 17:28 +00:00"
"https://www.taxvatpoint.com/income-tax-act-2023-section-323/","0","2024-05-29 18:00 +00:00"
"https://www.taxvatpoint.com/income-tax-act-2023-section-324/","0","2024-05-29 18:01 +00:00"
"https://www.taxvatpoint.com/income-tax-act-2023-section-325/","0","2024-05-29 18:03 +00:00"
"https://www.taxvatpoint.com/income-tax-act-2023-section-326/","0","2024-05-29 18:03 +00:00"
"https://www.taxvatpoint.com/income-tax-act-2023-section-327/","0","2024-05-29 18:01 +00:00"
"https://www.taxvatpoint.com/income-tax-act-2023-section-328/","0","2024-05-29 18:01 +00:00"
"https://www.taxvatpoint.com/income-tax-act-2023-section-329/","0","2024-05-29 18:02 +00:00"
"https://www.taxvatpoint.com/income-tax-act-2023-section-330/","0","2024-05-29 18:23 +00:00"
"https://www.taxvatpoint.com/income-tax-act-2023-section-331/","0","2024-05-29 18:23 +00:00"
"https://www.taxvatpoint.com/income-tax-act-2023-section-332/","0","2024-05-29 18:23 +00:00"
"https://www.taxvatpoint.com/income-tax-act-2023-section-333/","0","2024-05-29 18:24 +00:00"
"https://www.taxvatpoint.com/income-tax-act-2023-section-334/","0","2024-05-29 18:23 +00:00"
"https://www.taxvatpoint.com/income-tax-act-2023-section-335/","0","2024-05-29 16:30 +00:00"
"https://www.taxvatpoint.com/income-tax-act-2023-section-336/","0","2024-05-29 16:30 +00:00"
"https://www.taxvatpoint.com/income-tax-act-2023-section-337/","0","2024-05-29 16:52 +00:00"
"https://www.taxvatpoint.com/income-tax-act-2023-section-338/","0","2024-05-29 16:53 +00:00"
"https://www.taxvatpoint.com/income-tax-act-2023-section-339/","0","2024-05-29 16:29 +00:00"
"https://www.taxvatpoint.com/income-tax-act-2023-section-340/","0","2024-05-29 18:04 +00:00"
"https://www.taxvatpoint.com/income-tax-act-2023-section-341/","0","2024-05-29 17:29 +00:00"
"https://www.taxvatpoint.com/income-tax-act-2023-section-342/","0","2024-05-29 17:29 +00:00"
"https://www.taxvatpoint.com/income-tax-act-2023-section-343/","0","2024-05-29 16:52 +00:00"
"https://www.taxvatpoint.com/income-tax-act-2023-section-344/","0","2024-05-29 16:52 +00:00"
"https://www.taxvatpoint.com/income-tax-act-2023-section-345/","0","2024-05-29 16:52 +00:00"
"https://www.taxvatpoint.com/income-tax-act-2023-1st-schedule-part-1/","0","2024-04-15 06:30 +00:00"
"https://www.taxvatpoint.com/income-tax-act-2023-1st-schedule-part-2/","0","2024-04-15 06:41 +00:00"
"https://www.taxvatpoint.com/income-tax-act-2023-2nd-schedule-part-1/","0","2024-04-15 08:29 +00:00"
"https://www.taxvatpoint.com/income-tax-act-2023-2nd-schedule-part-2/","0","2024-04-15 08:57 +00:00"
"https://www.taxvatpoint.com/income-tax-act-2023-2nd-schedule-part-3/","0","2024-04-15 09:31 +00:00"
"https://www.taxvatpoint.com/income-tax-act-2023-3rd-schedule-part-1/","0","2024-04-15 11:06 +00:00"
"https://www.taxvatpoint.com/income-tax-act-2023-3rd-schedule-part-2/","0","2024-04-15 11:21 +00:00"
"https://www.taxvatpoint.com/income-tax-act-2023-4th-schedule/","0","2024-04-15 11:32 +00:00"
"https://www.taxvatpoint.com/income-tax-act-2023-5th-schedule-part-1/","0","2024-04-15 15:32 +00:00"
"https://www.taxvatpoint.com/income-tax-act-2023-5th-schedule-part-2/","0","2024-04-15 15:37 +00:00"
"https://www.taxvatpoint.com/income-tax-act-2023-6th-schedule-part-1/","0","2024-04-15 16:04 +00:00"
"https://www.taxvatpoint.com/income-tax-act-2023-6th-schedule-part-2/","0","2024-04-15 16:08 +00:00"
"https://www.taxvatpoint.com/income-tax-act-2023-6th-schedule-part-3/","0","2024-04-15 16:15 +00:00"
"https://www.taxvatpoint.com/income-tax-act-2023-6th-schedule-part-4/","0","2024-04-15 17:40 +00:00"
"https://www.taxvatpoint.com/income-tax-act-2023-7th-schedule/","0","2024-04-15 17:44 +00:00"
"https://www.taxvatpoint.com/income-tax-act-2023-8th-schedule-part-1/","0","2024-04-15 17:54 +00:00"
"https://www.taxvatpoint.com/income-tax-act-2023-8th-schedule-part-2/","0","2024-04-15 17:58 +00:00"
"https://www.taxvatpoint.com/income-tax-act-2023-section-2-clause-1/","0","2024-05-18 15:16 +00:00"
"https://www.taxvatpoint.com/income-tax-act-2023-section-2-clause-2/","0","2024-05-19 16:56 +00:00"
"https://www.taxvatpoint.com/income-tax-act-2023-section-2-clause-3/","0","2024-05-20 17:31 +00:00"
"https://www.taxvatpoint.com/income-tax-act-2023-section-2-clause-4/","0","2024-05-21 17:56 +00:00"
"https://www.taxvatpoint.com/income-tax-act-2023-section-2-clause-5/","0","2024-05-23 16:03 +00:00"
"https://www.taxvatpoint.com/income-tax-act-2023-section-2-clause-6/","0","2024-05-23 16:21 +00:00"
"https://www.taxvatpoint.com/income-tax-act-2023-section-2-clause-7/","0","2024-05-23 16:56 +00:00"
"https://www.taxvatpoint.com/income-tax-act-2023-section-2-clause-8/","0","2024-05-25 03:42 +00:00"
"https://www.taxvatpoint.com/income-tax-act-2023-section-2-clause-9/","0","2024-05-25 04:29 +00:00"
"https://www.taxvatpoint.com/income-tax-act-2023-section-2-clause-12/","0","2024-05-18 15:15 +00:00"
"https://www.taxvatpoint.com/income-tax-act-2023-section-2-clause-10/","0","2024-05-18 15:16 +00:00"
"https://www.taxvatpoint.com/income-tax-act-2023-section-2-clause-11/","0","2024-05-18 06:41 +00:00"
"https://www.taxvatpoint.com/income-tax-act-2023-section-2-clause-13/","0","2024-05-18 16:11 +00:00"
"https://www.taxvatpoint.com/income-tax-act-2023-section-2-clause-14/","0","2024-05-18 15:15 +00:00"
"https://www.taxvatpoint.com/income-tax-act-2023-section-2-clause-15/","0","2024-05-18 15:51 +00:00"
"https://www.taxvatpoint.com/income-tax-act-2023-section-2-clause-16/","0","2024-05-18 16:59 +00:00"
"https://www.taxvatpoint.com/income-tax-act-2023-section-2-clause-17/","0","2024-05-18 17:43 +00:00"
"https://www.taxvatpoint.com/income-tax-act-2023-section-2-clause-18/","0","2024-05-18 07:55 +00:00"
"https://www.taxvatpoint.com/income-tax-act-2023-section-2-clause-19/","0","2024-05-19 18:51 +00:00"
"https://www.taxvatpoint.com/income-tax-act-2023-section-2-clause-20/","0","2024-05-19 17:58 +00:00"
"https://www.taxvatpoint.com/income-tax-act-2023-section-2-clause-21/","0","2024-05-19 17:58 +00:00"
"https://www.taxvatpoint.com/income-tax-act-2023-section-2-clause-22/","0","2024-05-19 16:58 +00:00"
"https://www.taxvatpoint.com/income-tax-act-2023-section-2-clause-23/","0","2024-05-19 17:58 +00:00"
"https://www.taxvatpoint.com/income-tax-act-2023-section-2-clause-24/","0","2024-05-19 16:50 +00:00"
"https://www.taxvatpoint.com/income-tax-act-2023-section-2-clause-25/","0","2024-05-19 16:59 +00:00"
"https://www.taxvatpoint.com/income-tax-act-2023-section-2-clause-26/","0","2024-05-20 17:31 +00:00"
"https://www.taxvatpoint.com/income-tax-act-2023-section-2-clause-27/","0","2024-05-20 17:31 +00:00"
"https://www.taxvatpoint.com/income-tax-act-2023-section-2-clause-28/","0","2024-05-20 15:53 +00:00"
"https://www.taxvatpoint.com/income-tax-act-2023-section-2-clause-29/","0","2024-05-20 17:31 +00:00"
"https://www.taxvatpoint.com/income-tax-act-2023-section-2-clause-30/","0","2024-05-20 17:59 +00:00"
"https://www.taxvatpoint.com/income-tax-act-2023-section-2-clause-31/","0","2024-05-20 18:22 +00:00"
"https://www.taxvatpoint.com/income-tax-act-2023-section-2-clause-32/","0","2024-05-20 20:14 +00:00"
"https://www.taxvatpoint.com/income-tax-act-2023-section-2-clause-33/","0","2024-05-21 16:45 +00:00"
"https://www.taxvatpoint.com/income-tax-act-2023-section-2-clause-34/","0","2024-05-21 16:45 +00:00"
"https://www.taxvatpoint.com/income-tax-act-2023-section-2-clause-35/","0","2024-05-21 16:45 +00:00"
"https://www.taxvatpoint.com/income-tax-act-2023-section-2-clause-36/","0","2024-05-21 16:45 +00:00"
"https://www.taxvatpoint.com/income-tax-act-2023-section-2-clause-37/","0","2024-05-21 16:46 +00:00"
"https://www.taxvatpoint.com/income-tax-act-2023-section-2-clause-38/","0","2024-05-21 15:01 +00:00"
"https://www.taxvatpoint.com/income-tax-act-2023-section-2-clause-39/","0","2024-05-21 16:46 +00:00"
"https://www.taxvatpoint.com/income-tax-act-2023-section-2-clause-40/","0","2024-05-21 16:46 +00:00"
"https://www.taxvatpoint.com/income-tax-act-2023-section-2-clause-42/","0","2024-05-23 14:37 +00:00"
"https://www.taxvatpoint.com/income-tax-act-2023-section-2-clause-41/","0","2024-05-21 17:53 +00:00"
"https://www.taxvatpoint.com/income-tax-act-2023-section-2-clause-43/","0","2024-05-23 14:47 +00:00"
"https://www.taxvatpoint.com/income-tax-act-2023-section-2-clause-44/","0","2024-05-23 15:28 +00:00"
"https://www.taxvatpoint.com/income-tax-act-2023-section-2-clause-45/","0","2024-05-23 16:20 +00:00"
"https://www.taxvatpoint.com/income-tax-act-2023-section-2-clause-46/","0","2024-05-23 16:02 +00:00"
"https://www.taxvatpoint.com/income-tax-act-2023-section-2-clause-47/","0","2024-05-23 15:36 +00:00"
"https://www.taxvatpoint.com/income-tax-act-2023-section-2-clause-48/","0","2024-05-23 14:57 +00:00"
"https://www.taxvatpoint.com/income-tax-act-2023-section-2-clause-49/","0","2024-05-23 16:02 +00:00"
"https://www.taxvatpoint.com/income-tax-act-2023-section-2-clause-50/","0","2024-05-23 16:21 +00:00"
"https://www.taxvatpoint.com/income-tax-act-2023-section-2-clause-51/","0","2024-05-23 16:22 +00:00"
"https://www.taxvatpoint.com/income-tax-act-2023-section-2-clause-52/","0","2024-05-23 16:04 +00:00"
"https://www.taxvatpoint.com/income-tax-act-2023-section-2-clause-53/","0","2024-05-23 16:07 +00:00"
"https://www.taxvatpoint.com/income-tax-act-2023-section-2-clause-54/","0","2024-05-23 16:08 +00:00"
"https://www.taxvatpoint.com/income-tax-act-2023-section-2-clause-55/","0","2024-05-23 16:10 +00:00"
"https://www.taxvatpoint.com/income-tax-act-2023-section-2-clause-56/","0","2024-04-14 15:13 +00:00"
"https://www.taxvatpoint.com/income-tax-act-2023-section-2-clause-57/","0","2024-04-14 15:14 +00:00"
"https://www.taxvatpoint.com/income-tax-act-2023-section-2-clause-58/","0","2024-04-14 15:14 +00:00"
"https://www.taxvatpoint.com/income-tax-act-2023-section-2-clause-59/","0","2024-04-14 15:19 +00:00"
"https://www.taxvatpoint.com/income-tax-act-2023-section-2-clause-60/","0","2024-05-23 16:37 +00:00"
"https://www.taxvatpoint.com/income-tax-act-2023-section-2-clause-61/","0","2024-05-23 16:37 +00:00"
"https://www.taxvatpoint.com/income-tax-act-2023-section-2-clause-62/","0","2024-05-23 16:38 +00:00"
"https://www.taxvatpoint.com/income-tax-act-2023-section-2-clause-63/","0","2024-05-23 16:43 +00:00"
"https://www.taxvatpoint.com/income-tax-act-2023-section-2-clause-64/","0","2024-05-24 14:11 +00:00"
"https://www.taxvatpoint.com/income-tax-act-2023-section-2-clause-65/","0","2024-05-23 16:38 +00:00"
"https://www.taxvatpoint.com/income-tax-act-2023-section-2-clause-67/","0","2024-05-25 03:56 +00:00"
"https://www.taxvatpoint.com/income-tax-act-2023-section-2-clause-66/","0","2024-05-24 14:11 +00:00"
"https://www.taxvatpoint.com/income-tax-act-2023-section-2-clause-68/","0","2024-05-24 12:09 +00:00"
"https://www.taxvatpoint.com/income-tax-act-2023-section-2-clause-69/","0","2024-05-23 16:56 +00:00"
"https://www.taxvatpoint.com/income-tax-act-2023-section-2-clause-70/","0","2024-05-24 13:26 +00:00"
"https://www.taxvatpoint.com/income-tax-act-2023-section-2-clause-71/","0","2024-05-25 03:45 +00:00"
"https://www.taxvatpoint.com/income-tax-act-2023-section-2-clause-72/","0","2024-05-25 03:12 +00:00"
"https://www.taxvatpoint.com/income-tax-act-2023-section-2-clause-73/","0","2024-05-25 03:45 +00:00"
"https://www.taxvatpoint.com/income-tax-act-2023-section-2-clause-74/","0","2024-05-25 03:55 +00:00"
"https://www.taxvatpoint.com/income-tax-act-2023-section-2-clause-75/","0","2024-05-25 03:18 +00:00"
"https://www.taxvatpoint.com/income-tax-act-2023-section-2-clause-76/","0","2024-05-25 03:55 +00:00"
"https://www.taxvatpoint.com/income-tax-act-2023-section-2-clause-77/","0","2024-05-25 03:46 +00:00"
"https://www.taxvatpoint.com/income-tax-act-2023-section-2-clause-78/","0","2024-05-25 03:24 +00:00"
"https://www.taxvatpoint.com/income-tax-act-2023-section-2-clause-79/","0","2024-05-25 03:54 +00:00"
"https://www.taxvatpoint.com/income-tax-act-2023-section-2-clause-80/","0","2024-05-25 03:31 +00:00"
"https://www.taxvatpoint.com/income-tax-act-2023-section-2-clause-81/","0","2024-05-25 05:08 +00:00"
"https://www.taxvatpoint.com/income-tax-act-2023-section-2-clause-82/","0","2024-05-25 04:44 +00:00"
"https://www.taxvatpoint.com/income-tax-act-2023-section-2-clause-83/","0","2024-05-25 05:08 +00:00"
"https://www.taxvatpoint.com/income-tax-act-2023-section-2-clause-84/","0","2024-05-25 05:08 +00:00"
"https://www.taxvatpoint.com/income-tax-act-2023-section-2-clause-85/","0","2024-05-25 04:45 +00:00"
"https://www.taxvatpoint.com/income-tax-act-2023-section-2-clause-86/","0","2024-05-25 05:22 +00:00"
"https://www.taxvatpoint.com/income-tax-act-2023-section-2-clause-87/","0","2024-05-25 04:46 +00:00"
"https://www.taxvatpoint.com/income-tax-act-2023-section-2-clause-88/","0","2024-05-25 04:38 +00:00"
"https://www.taxvatpoint.com/income-tax-act-2023-section-2-clause-89/","0","2024-05-25 04:42 +00:00"
"https://www.taxvatpoint.com/income-tax-act-2023-section-2-clause-90/","0","2024-05-25 18:22 +00:00"
"https://www.taxvatpoint.com/income-tax-act-2023-section-2-clause-91/","0","2024-05-25 05:07 +00:00"
"https://www.taxvatpoint.com/income-tax-act-2023-section-2-clause-92/","0","2024-05-25 04:48 +00:00"
"https://www.taxvatpoint.com/income-tax-act-2023-section-2-clause-93/","0","2024-05-25 04:54 +00:00"
"https://www.taxvatpoint.com/tds-rules-2024-fy-2024-2025-bangladesh/","0","2025-06-10 16:28 +00:00"
"https://www.taxvatpoint.com/tds-rules-2024-rule-1-fy-2024-2025-bangladesh/","0","2024-06-12 15:29 +00:00"
"https://www.taxvatpoint.com/tds-rules-2024-rule-2-fy-2024-2025-bangladesh/","0","2024-07-08 17:56 +00:00"
"https://www.taxvatpoint.com/tds-rules-2024-rule-3-fy-2024-2025-bangladesh/","0","2024-07-08 17:58 +00:00"
"https://www.taxvatpoint.com/tds-rules-2024-rule-5-fy-2024-2025-bangladesh/","0","2024-07-08 18:08 +00:00"
"https://www.taxvatpoint.com/tds-rules-2024-rule-4-fy-2024-2025-bangladesh/","0","2024-07-08 18:03 +00:00"
"https://www.taxvatpoint.com/tds-rules-2024-rule-6-fy-2024-2025-bangladesh/","0","2024-07-08 18:37 +00:00"
"https://www.taxvatpoint.com/tds-rules-2024-rule-8-fy-2024-2025-bangladesh/","0","2024-11-24 07:30 +00:00"
"https://www.taxvatpoint.com/tds-rules-2024-rule-7-fy-2024-2025-bangladesh/","0","2024-07-08 18:20 +00:00"
"https://www.taxvatpoint.com/tds-rules-2024-rule-9-fy-2024-2025-bangladesh/","0","2025-04-27 07:35 +00:00"
"https://www.taxvatpoint.com/tds-rules-2024-rule-10-fy-2024-2025-bangladesh/","0","2024-12-07 16:00 +00:00"
"https://www.taxvatpoint.com/tds-rules-2024-rule-11-fy-2024-2025-bangladesh/","0","2024-06-13 17:00 +00:00"
"https://www.taxvatpoint.com/tds-rules-2024-rule-13-fy-2024-2025-bangladesh/","0","2024-06-13 17:47 +00:00"
"https://www.taxvatpoint.com/tds-rules-2024-rule-14-fy-2024-2025-bangladesh/","0","2024-06-13 17:35 +00:00"
"https://www.taxvatpoint.com/tds-rules-2024-rule-15-fy-2024-2025-bangladesh/","0","2024-06-13 17:16 +00:00"
"https://www.taxvatpoint.com/vds-rules-2021-rule-1-fy-2024-2025-bangladesh/","0","2025-01-04 14:02 +00:00"
"https://www.taxvatpoint.com/vds-rules-2021-rule-2-fy-2024-2025-bangladesh/","0","2025-01-04 14:06 +00:00"
"https://www.taxvatpoint.com/vds-rules-2021-rule-3-fy-2024-2025-bangladesh/","0","2025-01-22 18:25 +00:00"
"https://www.taxvatpoint.com/vds-rules-2021-rule-4-fy-2024-2025-bangladesh/","0","2025-01-04 14:14 +00:00"
"https://www.taxvatpoint.com/vds-rules-2021-rule-6-fy-2024-2025-bangladesh/","0","2025-01-04 14:14 +00:00"
"https://www.taxvatpoint.com/vds-rules-2021-rule-8-fy-2024-2025-bangladesh/","0","2025-01-04 14:09 +00:00"
"https://www.taxvatpoint.com/vds-rules-2021-rule-5-fy-2024-2025-bangladesh/","0","2025-01-04 14:04 +00:00"
"https://www.taxvatpoint.com/vds-rules-2021-rule-7-fy-2024-2025-bangladesh/","0","2025-01-04 14:15 +00:00"
"https://www.taxvatpoint.com/vds-rules-2021-rule-9-fy-2024-2025-bangladesh/","0","2025-01-04 14:16 +00:00"
"https://www.taxvatpoint.com/vds-rules-2021-rule-10-fy-2024-2025-bangladesh/","0","2025-01-04 14:05 +00:00"
"https://www.taxvatpoint.com/vds-rules-2021-fy-2024-2025-bangladesh/","0","2025-06-10 08:06 +00:00"
"https://www.taxvatpoint.com/%e0%a6%a6%e0%a6%be%e0%a6%a8%e0%a6%95%e0%a6%b0-%e0%a6%86%e0%a6%87%e0%a6%a8-%e0%a7%a7%e0%a7%af%e0%a7%af%e0%a7%a6-the-gift-tax-act-1990/","0","2024-10-18 12:53 +00:00"
"https://www.taxvatpoint.com/tds-rules-2024-rule-12-fy-2024-2025-bangladesh/","0","2024-06-13 17:06 +00:00"
"https://www.taxvatpoint.com/tds-rules-2024-rule-16-fy-2024-2025-bangladesh/","0","2024-06-13 17:44 +00:00"
"https://www.taxvatpoint.com/vat-exemption-sro-fy-2024-2025/","0","2025-03-04 13:39 +00:00"
"https://www.taxvatpoint.com/income-tax-bangla-section-2-sub-section-26k-taxes-commissioner/","0","2025-06-15 09:43 +00:00"
"https://www.taxvatpoint.com/income-tax-bangla-section-2-sub-section-26kha-tax-assessment/","0","2024-07-29 19:17 +00:00"
"https://www.taxvatpoint.com/income-tax-bangla-section-2-sub-section-36ka-chartered-secretaries/","0","2024-07-29 19:17 +00:00"
"https://www.taxvatpoint.com/income-tax-bangla-section-2-sub-section-57ka-finance-company/","0","2024-07-30 17:42 +00:00"
"https://www.taxvatpoint.com/income-tax-bangla-section-2-sub-section-89ka-admitted-liability/","0","2024-07-30 17:37 +00:00"
"https://www.taxvatpoint.com/income-tax-schedule-bangla-1st-schedule-part-3-display-of-undisplayed-assets/","0","2024-12-12 05:36 +00:00"
"https://www.taxvatpoint.com/customs/","0","2024-12-13 08:00 +00:00"
"https://www.taxvatpoint.com/%e0%a6%95%e0%a6%be%e0%a6%b8%e0%a7%8d%e0%a6%9f%e0%a6%ae%e0%a6%b8-%e0%a6%86%e0%a6%87%e0%a6%a8-%e0%a7%a8%e0%a7%a6%e0%a7%a8%e0%a7%a9/","0","2024-10-18 11:23 +00:00"
"https://www.taxvatpoint.com/tax-special-order-bangladesh/","0","2024-10-23 05:03 +00:00"
"https://www.taxvatpoint.com/other-vat-reference/","0","2024-11-18 07:28 +00:00"
"https://www.taxvatpoint.com/other-customs-reference/","0","2024-11-18 08:59 +00:00"
"https://www.taxvatpoint.com/customs-sro-bangladesh/","0","2024-12-13 08:26 +00:00"
"https://www.taxvatpoint.com/vds-rules-2025-fy-2025-2026-bangladesh/","0","2025-06-10 07:55 +00:00"
"https://www.taxvatpoint.com/vds-rules-2025-rule-1-fy-2025-2026-bangladesh/","0","2025-06-05 09:20 +00:00"
"https://www.taxvatpoint.com/vds-rules-2025-rule-2-fy-2025-2026-bangladesh/","0","2025-06-05 09:29 +00:00"
"https://www.taxvatpoint.com/vds-rules-2025-rule-3-fy-2025-2026-bangladesh/","0","2025-06-05 10:00 +00:00"
"https://www.taxvatpoint.com/vds-rules-2025-rule-4-fy-2025-2026-bangladesh/","0","2025-06-05 10:07 +00:00"
"https://www.taxvatpoint.com/vds-rules-2025-rule-5-fy-2025-2026-bangladesh/","0","2025-06-05 10:19 +00:00"
"https://www.taxvatpoint.com/vds-rules-2025-rule-6-fy-2025-2026-bangladesh/","0","2025-06-05 10:30 +00:00"
"https://www.taxvatpoint.com/vds-rules-2025-rule-7-fy-2025-2026-bangladesh/","0","2025-06-05 10:33 +00:00"
"https://www.taxvatpoint.com/vds-rules-2025-rule-9-fy-2025-2026-bangladesh/","0","2025-06-05 10:38 +00:00"
"https://www.taxvatpoint.com/vds-rules-2025-rule-10-fy-2025-2026-bangladesh/","0","2025-06-05 10:40 +00:00"
"https://www.taxvatpoint.com/vds-rules-2025-rule-8-fy-2025-2026-bangladesh/","0","2025-06-05 10:36 +00:00"
"https://www.taxvatpoint.com/%e0%a6%86%e0%a6%97%e0%a6%be%e0%a6%ae-%e0%a6%95%e0%a6%b0-%e0%a6%8f%e0%a6%b8%e0%a6%86%e0%a6%b0%e0%a6%93-at-sro-151/","0","2025-07-30 11:56 +00:00"
"https://www.taxvatpoint.com/vat-sd-act-bangla-section-2-sub-section-60a-product/","0","2025-06-10 07:05 +00:00"
"https://www.taxvatpoint.com/%e0%a6%86%e0%a6%97%e0%a6%be%e0%a6%ae-%e0%a6%95%e0%a6%b0-advance-tax-at-in-vat-system/","0","2025-07-30 11:55 +00:00"
"https://www.taxvatpoint.com/%e0%a6%86%e0%a6%97%e0%a6%be%e0%a6%ae-%e0%a6%95%e0%a6%b0-%e0%a6%8f%e0%a6%b8%e0%a6%86%e0%a6%b0%e0%a6%93-%e0%a7%a7%e0%a7%ae%e0%a7%a7-at-sro-181/","0","2025-07-30 11:55 +00:00"
"https://www.taxvatpoint.com/advance-tax-at-sro-239/","0","2025-07-30 11:56 +00:00"
"https://www.taxvatpoint.com/tds-rules-2024-fy-2025-26-bd/","0","2025-06-11 03:29 +00:00"
"https://www.taxvatpoint.com/tds-rules-2024-fy-2025-26-rule-1-bd/","0","2025-06-11 03:43 +00:00"
"https://www.taxvatpoint.com/tds-rules-2024-fy-2025-26-rule-2-bd/","0","2025-06-11 04:37 +00:00"
"https://www.taxvatpoint.com/tds-rules-2024-fy-2025-26-rule-3-bd/","0","2025-06-11 06:08 +00:00"
"https://www.taxvatpoint.com/tds-rules-2024-fy-2025-26-rule-4-bd/","0","2025-06-26 09:33 +00:00"
"https://www.taxvatpoint.com/tds-rules-2024-fy-2025-26-rule-5-bd/","0","2025-06-30 18:07 +00:00"
"https://www.taxvatpoint.com/tds-rules-2024-fy-2025-26-rule-6-bd/","0","2025-06-26 10:19 +00:00"
"https://www.taxvatpoint.com/tds-rules-2024-fy-2025-26-rule-7-bd/","0","2025-06-13 18:54 +00:00"
"https://www.taxvatpoint.com/tds-rules-2024-fy-2025-26-rule-8-bd/","0","2025-06-26 18:08 +00:00"
"https://www.taxvatpoint.com/tds-rules-2024-fy-2025-26-rule-9-bd/","0","2025-06-11 07:42 +00:00"
"https://www.taxvatpoint.com/tds-rules-2024-fy-2025-26-rule-10-bd/","0","2025-06-13 19:02 +00:00"
"https://www.taxvatpoint.com/tds-rules-2024-fy-2025-26-rule-11-bd/","0","2025-06-11 07:41 +00:00"
"https://www.taxvatpoint.com/tds-rules-2024-fy-2025-26-rule-12-bd/","0","2025-06-11 07:40 +00:00"
"https://www.taxvatpoint.com/tds-rules-2024-fy-2025-26-rule-13-bd/","0","2025-06-11 07:39 +00:00"
"https://www.taxvatpoint.com/tds-rules-2024-fy-2025-26-rule-14-bd/","0","2025-06-11 07:36 +00:00"
"https://www.taxvatpoint.com/tds-rules-2024-fy-2025-26-rule-15-bd/","0","2025-06-11 07:38 +00:00"
"https://www.taxvatpoint.com/tds-rules-2024-fy-2025-26-rule-16-bd/","0","2025-06-11 07:37 +00:00"
"https://www.taxvatpoint.com/second-schedule-of-vat-sd-act-2012-fy-2025-26/","0","2025-07-11 15:14 +00:00"
"https://www.taxvatpoint.com/first-schedule-of-vat-sd-act-2012-fy-2025-26/","0","2025-07-11 14:05 +00:00"
"https://www.taxvatpoint.com/third-schedule-of-vat-sd-act-2012-fy-2025-26/","0","2025-07-29 10:08 +00:00"
"https://www.taxvatpoint.com/vat-exempted-goods-and-services-in-bangladesh-fy-2025-26/","0","2025-06-12 19:02 +00:00"
"https://www.taxvatpoint.com/minimum-tax-section-163-of-income-tax-act-2023/","0","2025-06-27 10:24 +00:00"
"https://www.taxvatpoint.com/specified-date-to-file-return/","0","2025-06-27 07:50 +00:00"
"https://www.taxvatpoint.com/1st-schedule-of-income-tax-act-2023-wef-fy-2025-26/","0","2025-06-27 10:55 +00:00"